"Auction House ID","Sold Datetime","Type","Item","Rarity","RW Bonus","Damage","Accuracy","Armor","Quality","Seller","Buyer","Sell Price","Bid Count"
"492757","2026-03-01 03:30:02","Weapon","BT MP9","yellow","16% Powerful","67.52","61.41","N/A","129.3","BakedPotato","Psilly","66,000,001","9"
"492758","2026-03-01 03:27:27","Weapon","M16 A2 Rifle","orange","5% Sure Shot","71.66","52.14","N/A","158.03","BakedPotato","Just53","176,250,001","6"
"492756","2026-03-01 03:27:09","Weapon","BT MP9","yellow","73% Quicken","69.03","59.33","N/A","123.64","BakedPotato","Psilly","105,000,001","8"
"490886","2026-03-01 03:25:12","Weapon","Enfield SA-80","yellow","17% Warlord","72.53","59.48","N/A","140.11","Gray","__SmittySon__","478,164,469","14"
"492080","2026-03-01 03:05:36","Weapon","Fiveseven","yellow","30% Deadeye","58.43","54.26","N/A","116.91","Titan","Strain","24,500,001","5"
"492079","2026-03-01 03:05:32","Weapon","Steyr AUG","yellow","3% Disarm","71.41","49.94","N/A","123.45","Titan","GeneralMatter","58,750,001","5"
"492078","2026-03-01 03:05:26","Weapon","Tavor TAR-21","yellow","4% Sure Shot","72.13","56.4","N/A","115.28","Titan","GeneralMatter","58,500,003","8"
"491748","2026-03-01 03:02:25","Weapon","Yasukuni Sword","yellow","29% Grace","71.17","53.09","N/A","102.61","KaitoShizuki","Shasta_McNasty","40,100,001","10"
"492752","2026-03-01 02:52:53","Weapon","Benelli M4 Super","yellow","25% Weaken","65.14","58.4","N/A","95.43","Murdahface","GeneralMatter","58,750,001","5"
"492076","2026-03-01 02:43:36","Weapon","Ruger 57","yellow","24% Specialist","37.75","62.25","N/A","119.96","MrsTowels","CrazyHelm","23,900,001","6"
"492075","2026-03-01 02:42:30","Weapon","Ruger 57","yellow","65% Cupid","39.11","59.67","N/A","107.89","MrsTowels","CrazyHelm","24,500,001","5"
"492072","2026-03-01 02:33:12","Weapon","Beretta 92FS","yellow","23% Specialist","55.57","55.57","N/A","121.46","MrsTowels","CrazyHelm","24,000,778","6"
"492073","2026-03-01 02:32:29","Weapon","MP 40","yellow","26% Conserve","45.32","46.78","N/A","141.01","MrsTowels","CrazyHelm","23,890,001","5"
"492074","2026-03-01 02:32:26","Weapon","MP5 Navy","yellow","15% Warlord","51.01","55.47","N/A","104.74","MrsTowels","OldOx","150,000,001","8"
"492747","2026-03-01 02:29:19","Weapon","Samurai Sword","yellow","6% Frenzy","63.51","56.4","N/A","99.05","MarkStark","GeneralMatter","40,100,001","5"
"492746","2026-03-01 02:29:13","Weapon","Naval Cutlass","yellow","6% Frenzy","70.74","55.32","N/A","100.58","MarkStark","Wendy","47,000,001","5"
"492745","2026-03-01 02:29:07","Weapon","S&W Revolver","yellow","42% Deadeye","50.22","59.26","N/A","134.78","MarkStark","Mrhoney0808","25,000,001","6"
"492744","2026-03-01 02:29:00","Weapon","Cobra Derringer","yellow","9% Expose","66.8","56.9","N/A","97.01","MarkStark","Mrhoney0808","25,000,001","4"
"492743","2026-03-01 02:28:55","Weapon","USP","yellow","41% Deadeye","49.2","62.13","N/A","93.28","MarkStark","Mrhoney0808","29,000,001","5"
"492070","2026-03-01 02:26:18","Weapon","MP5k","yellow","16% Motivation","50.47","56.23","N/A","126.91","dragon11","Mrhoney0808","25,500,778","8"
"492060","2026-03-01 02:12:52","Weapon","Tavor TAR-21","yellow","17% Warlord","72.38","56.31","N/A","116.8","_Big_GunZ_","Gravy-Train","345,700,001","19"
"492742","2026-03-01 02:10:13","Weapon","Samurai Sword","yellow","15% Eviscerate","65.55","56.01","N/A","115.62","Stand_with_Kirk","rrayy","140,000,778","6"
"492741","2026-03-01 02:09:18","Weapon","Diamond Bladed Knife","yellow","53% Assassinate","65.59","68.23","N/A","118.22","Stand_with_Kirk","Ciapas","171,598,530","6"
"492740","2026-03-01 02:09:06","Weapon","Butterfly Knife","orange","74% Assassinate","34.93","62.32","N/A","182.5","Stand_with_Kirk","Mitch1276","170,600,001","4"
"492730","2026-03-01 01:40:27","Weapon","MP5k","yellow","26% Specialist","50.73","56.28","N/A","130.05","Edwards","Dtp30","25,013,832","7"
"492727","2026-03-01 01:40:18","Weapon","Beretta M9","yellow","4% Disarm","42.26","58.49","N/A","107.51","Edwards","Dtp30","25,004,416","7"
"492729","2026-03-01 01:39:44","Armor","Dune Gloves","yellow","32% Insurmountable","N/A","N/A","45.33","26.59","Edwards","Werleigh","72,000,001","6"
"492728","2026-03-01 01:39:41","Weapon","Claymore Sword","yellow","10% Bloodlust","63.14","54.29","N/A","114.26","Edwards","Dtp30","61,000,001","9"
"492721","2026-03-01 01:29:03","Weapon","Dagger","yellow","15% Eviscerate","35.43","64.82","N/A","122.49","Busta_Chrymes","Tamirys","50,000,001","6"
"491261","2026-03-01 01:27:02","Weapon","Magnum","yellow","52% Assassinate","60.94","41.85","N/A","97.98","liveman","Dtp30","26,500,001","9"
"492720","2026-03-01 01:21:33","Weapon","Magnum","yellow","20% Double Tap","60.26","44.39","N/A","116.52","HeavensGuns","Dtp30","27,346,539","8"
"492719","2026-03-01 01:15:10","Weapon","Enfield SA-80","yellow","22% Weaken","68.93","59.03","N/A","99.59","balistafreak","Dtp30","151,280,001","7"
"492718","2026-03-01 01:15:01","Weapon","BT MP9","yellow","15% Warlord","67.68","59.98","N/A","116.52","balistafreak","GeneralMatter","326,000,001","9"
"492716","2026-03-01 01:06:24","Armor","Riot Gloves","yellow","28% Impregnable","N/A","N/A","45.59","11.73","_Big_GunZ_","ObscurEdge","120,000,001","8"
"492048","2026-03-01 00:59:51","Weapon","Desert Eagle","yellow","55% Quicken","66.81","41.8","N/A","136.14","NocturnalMedic","Dtp30","40,000,001","10"
"492047","2026-03-01 00:59:44","Weapon","Cobra Derringer","yellow","22% Specialist","69.75","58.74","N/A","144.89","NocturnalMedic","Dtp30","29,015,608","8"
"492044","2026-03-01 00:54:48","Weapon","Enfield SA-80","yellow","51% Assassinate","70.53","59.41","N/A","119.43","NocturnalMedic","Dtp30","68,000,001","11"
"492712","2026-03-01 00:45:57","Weapon","ArmaLite M-15A4","yellow","20% Specialist","73.62","61.68","N/A","103.06","SeanTireGuy","TheDude","122,000,001","11"
"492711","2026-03-01 00:42:43","Weapon","Katana","yellow","18% Motivation","58.71","60.02","N/A","117.29","SeanTireGuy","Scanar","150,881,601","10"
"492710","2026-03-01 00:39:16","Weapon","SIG 552","yellow","26% Weaken","75.95","54.76","N/A","117.04","SeanTireGuy","Thebreach","82,000,001","6"
"492039","2026-03-01 00:35:33","Weapon","Claymore Sword","yellow","51% Parry","64.52","54.23","N/A","127.45","Clarent99","LLKnot","192,888,889","10"
"492708","2026-03-01 00:28:52","Weapon","SIG 552","yellow","5% Disarm","75.93","54.58","N/A","115.03","PenguinSoldier","BunnyBlanco","69,962,451","7"
"492707","2026-03-01 00:28:49","Weapon","Raven MP25","yellow","51% Cupid","34.92","57.08","N/A","109.98","PenguinSoldier","R1NGO","24,009,010","4"
"491693","2026-03-01 00:22:25","Weapon","Steyr AUG","yellow","17% Puncture","71.02","49.7","N/A","117.21","shabboing","Sammo92","59,396,536","10"
"492706","2026-03-01 00:20:06","Weapon","Enfield SA-80","yellow","8% Expose","69.61","58.24","N/A","98.57","Trig","Dinksz","120,010,426","11"
"492402","2026-03-01 00:17:24","Armor","Delta Pants","orange","7% Invulnerable","N/A","N/A","51.9","57.94","TMG100","TheCulturedOne","500,222,223","12"
"492399","2026-03-01 00:11:41","Weapon","XM8 Rifle","yellow","54% Cupid","57.74","60.59","N/A","123.31","Sora","Just53","58,500,001","7"
"492705","2026-03-01 00:11:11","Armor","Riot Helmet","yellow","21% Impregnable","N/A","N/A","36.35","26.91","Slick_","RealJormungandr","103,000,001","7"
"492704","2026-03-01 00:11:06","Armor","Assault Pants","yellow","20% Impenetrable","N/A","N/A","47.98","39.68","Slick_","Mif","210,000,001","6"
"492703","2026-03-01 00:11:00","Armor","Assault Gloves","yellow","22% Impenetrable","N/A","N/A","46.09","1.77","Slick_","BunnyBlanco","144,433,567","9"
"492702","2026-03-01 00:10:55","Armor","Assault Boots","yellow","22% Impenetrable","N/A","N/A","47.06","21.2","Slick_","Mitch1276","155,567,900","9"
"492701","2026-03-01 00:10:49","Armor","Assault Body","yellow","20% Impenetrable","N/A","N/A","46.76","15.27","Slick_","Mif","241,000,001","5"
"492034","2026-03-01 00:10:45","Weapon","9mm Uzi","yellow","21% Wither","73.07","46.8","N/A","118.67","Newyyyx","LaNash","26,200,001","13"
"492699","2026-03-01 00:09:56","Weapon","Sawed-Off Shotgun","yellow","21% Cripple","49.94","67.21","N/A","131.54","yucky212","Just53","59,100,001","9"
"492028","2026-03-01 00:08:20","Armor","Assault Pants","yellow","20% Impenetrable","N/A","N/A","46.42","8.32","GuntherX","Friends","172,000,001","8"
"492027","2026-03-01 00:06:55","Weapon","Katana","orange","20% Motivation","61.09","61.43","N/A","155.2","HashBrick","FI3ND","700,000,001","21"
"492396","2026-02-28 23:54:16","Weapon","AK74U","red","33% Proficience | 115% Throttle","60.04","49.43","N/A","224.7","BakedPotato","Blacko51","434,202,610","9"
"492695","2026-02-28 23:48:26","Weapon","Yasukuni Sword","yellow","20% Plunder","71.26","53.13","N/A","103.94","Superboi","RealJormungandr","175,000,001","10"
"492692","2026-02-28 23:30:09","Weapon","Flail","yellow","12% Fury","78","31.59","N/A","105.9","Mcgeary1993","GeneralMatter","35,409,010","6"
"492691","2026-02-28 23:10:09","Weapon","Sawed-Off Shotgun","yellow","18% Eviscerate","51.53","67.15","N/A","146.81","Jypo","MarkStark","66,258,303","5"
"492386","2026-02-28 23:06:37","Weapon","SIG 552","yellow","16% Powerful","75.83","53.36","N/A","101.9","Catalyst410","BunnyBlanco","110,000,001","19"
"492389","2026-02-28 23:02:51","Weapon","Tavor TAR-21","yellow","16% Powerful","73.77","57.3","N/A","140.7","Catalyst410","BoonieSteep","93,500,001","6"
"492388","2026-02-28 23:02:46","Weapon","SIG 552","yellow","58% Assassinate","76.03","55.64","N/A","126.75","Catalyst410","CatDGod","61,071,061","10"
"492387","2026-02-28 23:02:41","Weapon","SIG 552","yellow","15% Powerful","76.03","53.49","N/A","105.18","Catalyst410","PIMPxH4ND","80,000,001","11"
"492385","2026-02-28 23:02:24","Weapon","Jackhammer","yellow","18% Powerful","77.13","59.01","N/A","151.39","Catalyst410","Wendy","66,800,001","13"
"492689","2026-02-28 23:00:24","Weapon","SIG 552","yellow","25% Penetrate","76.06","55.78","N/A","128.43","Berok","-LQ-","120,000,001","7"
"492688","2026-02-28 23:00:09","Weapon","Type 98 Anti Tank","orange","13% Finale","89.31","31.34","N/A","176.53","Berok","Ciapas","249,500,001","8"
"492687","2026-02-28 23:00:05","Weapon","MP 40","yellow","18% Warlord","44.14","44.53","N/A","106.75","Berok","Dawynr","167,000,001","6"
"492686","2026-02-28 22:59:57","Weapon","Cobra Derringer","orange","11% Expose","71.06","61.78","N/A","188.32","Berok","SeanyP","130,000,001","8"
"492685","2026-02-28 22:59:53","Weapon","BT MP9","orange","22% Powerful","70.38","60.78","N/A","151.55","Berok","Opie","420,000,001","14"
"492684","2026-02-28 22:53:35","Weapon","MP5 Navy","yellow","10% Revitalize","52.01","57.45","N/A","134.63","LittleMuzza","Opie","176,300,830","11"
"492683","2026-02-28 22:52:18","Weapon","TMP","yellow","20% Slow","45.18","50.23","N/A","124.16","Jypo","Reffixer","24,500,001","7"
"492682","2026-02-28 22:51:13","Weapon","Milkor MGL","yellow","10% Stun","78.84","44.7","N/A","105.42","Jypo","Wardkieran","83,290,001","4"
"492681","2026-02-28 22:51:05","Weapon","MP5 Navy","orange","20% Proficience | 32% Wither","56.9","57.49","N/A","183.88","Jypo","Mitch1276","230,000,002","15"
"490779","2026-02-28 22:49:46","Weapon","Macana","yellow","29% Deadeye","63.02","69.87","N/A","108.94","Grimsnecrosis","FlashAs","169,000,001","16"
"492680","2026-02-28 22:49:13","Weapon","Blunderbuss","yellow","16% Warlord","51.79","28.22","N/A","100.1","Piercyy","Fat-Rat","86,000,000","9"
"492679","2026-02-28 22:49:06","Weapon","Enfield SA-80","yellow","17% Focus","70.13","59.17","N/A","112.97","Tokyo","MESMERlZED","72,000,001","7"
"492678","2026-02-28 22:47:57","Armor","Riot Body","yellow","20% Impregnable","N/A","N/A","45.3","6.02","Belobog","RealJormungandr","77,000,001","10"
"492006","2026-02-28 22:42:14","Armor","Assault Pants","yellow","23% Impenetrable","N/A","N/A","46.84","16.81","Clouds","p00pyhead","183,000,001","11"
"492005","2026-02-28 22:41:41","Armor","Dune Pants","yellow","31% Insurmountable","N/A","N/A","45.77","35.49","Clouds","Apatxe","72,000,001","9"
"492677","2026-02-28 22:39:18","Armor","Riot Gloves","yellow","23% Impregnable","N/A","N/A","46.02","20.46","GryffinHunter","Mitch1276","78,000,001","8"
"492676","2026-02-28 22:39:15","Weapon","Tavor TAR-21","yellow","54% Cupid","72.14","56.52","N/A","116.62","GryffinHunter","Just53","59,500,001","6"
"492673","2026-02-28 22:33:57","Weapon","Naval Cutlass","yellow","52% Throttle","72.02","56.96","N/A","129.77","HenkyPenky","Wendy","35,813,561","9"
"492001","2026-02-28 22:32:17","Weapon","Stoner 96","yellow","39% Deadeye","76.55","53.32","N/A","118.69","Stickyboy","RIPSAW","185,000,001","8"
"490346","2026-02-28 22:18:30","Weapon","Beretta 92FS","yellow","60% Cupid","53.23","55.14","N/A","93.72","HotShotArcher","Spoilsofchaos","24,209,010","12"
"491995","2026-02-28 22:14:27","Weapon","Frying Pan","yellow","139% Wind-up","24.58","47.6","N/A","101.78","Ixtumboxi420","NocturnalMedic","35,800,001","7"
"491994","2026-02-28 22:04:27","Weapon","Axe","yellow","20% Slow","39.88","55.62","N/A","94.99","BobbyCholo","sharx","57,000,001","6"
"491993","2026-02-28 22:03:57","Weapon","Mag 7","yellow","2% Deadly","64.11","65.73","N/A","118.42","BobbyCholo","Just53","59,000,001","6"
"491992","2026-02-28 22:03:53","Armor","Assault Helmet","yellow","25% Impenetrable","N/A","N/A","46.22","4.35","BobbyCholo","Mitch1276","135,000,001","12"
"490345","2026-02-28 22:02:16","Weapon","Lorcin 380","yellow","54% Achilles","36.81","44.61","N/A","134.17","Teepeeraider84","Sammo92","24,000,001","8"
"492664","2026-02-28 21:59:10","Armor","Assault Helmet","yellow","25% Impenetrable","N/A","N/A","46.06","1.12","Belobog","Friends","130,000,001","11"
"492663","2026-02-28 21:58:26","Armor","Sentinel Helmet","orange","33% Immutable","N/A","N/A","54.87","37.35","DwightSchrute","Hegerad","2,900,000,001","9"
"491988","2026-02-28 21:57:11","Weapon","Kodachi","yellow","24% Berserk","68.35","60.65","N/A","109.98","Tinybubble","Haskiii","39,010,370","8"
"490343","2026-02-28 21:49:33","Weapon","Magnum","yellow","4% Disarm","62.21","41.43","N/A","106.38","ckuk123","Spoilsofchaos","24,209,010","16"
"490342","2026-02-28 21:49:29","Weapon","Glock 17","yellow","21% Specialist","35.58","57.71","N/A","122.82","ckuk123","Spoilsofchaos","24,209,010","10"
"490341","2026-02-28 21:49:24","Weapon","Thompson","red","43% Wither","56.65","52.51","N/A","271.62","ckuk123","Heart","350,000,090","19"
"491985","2026-02-28 21:39:17","Weapon","Naval Cutlass","yellow","21% Plunder","71.57","58.75","N/A","143.2","HashBrick","The_gladiator","191,324,653","11"
"491982","2026-02-28 21:29:43","Weapon","Pen Knife","red","58% Slow","35.86","54.77","N/A","246.36","Tinybubble","RedNipple","626,666,555","14"
"491981","2026-02-28 21:29:39","Weapon","Swiss Army Knife","orange","90% Cupid","32.55","60.2","N/A","177.45","Tinybubble","Just53","106,500,001","8"
"491980","2026-02-28 21:29:35","Weapon","Spear","orange","34% Penetrate","46.83","53.91","N/A","147.43","Tinybubble","Just53","106,500,001","9"
"493081","2026-03-02 00:35:54","Weapon","Springfield 1911","yellow","30% Deadeye","42.82","60.89","N/A","137.07","Arhuul","Omnifix","23,641,778","7"
"493080","2026-03-02 00:35:48","Weapon","Ruger 57","yellow","70% Cupid","39.98","60.23","N/A","122.07","Arhuul","Omnifix","23,641,778","4"
"493079","2026-03-02 00:35:42","Weapon","Ruger 57","yellow","52% Assassinate","37.49","60.55","N/A","100.37","Arhuul","BenMitN","23,641,778","4"
"493078","2026-03-02 00:35:34","Weapon","Qsz-92","yellow","15% Execute","68.55","58","N/A","115.56","Arhuul","KingTopBoy","50,000,001","7"
"492403","2026-03-02 00:32:22","Armor","Assault Helmet","yellow","23% Impenetrable","N/A","N/A","46.26","5.13","Shaggy-Nova","BluePunisher","104,888,721","11"
"493076","2026-03-02 00:25:45","Weapon","Axe","orange","30% Plunder","44.36","57.76","N/A","161.19","LeviMon99","Tamirys","580,222,226","11"
"493075","2026-03-02 00:23:40","Weapon","Baseball Bat","yellow","20% Plunder","22.63","63.88","N/A","135.05","LeviMon99","lucas49","50,000,001","8"
"493074","2026-03-02 00:17:47","Weapon","Chain Whip","red","76% Berserk","44.3","61.47","N/A","227.7","Superboi","Blacko51","380,000,001","5"
"492401","2026-03-02 00:16:44","Weapon","ArmaLite M-15A4","yellow","3% Disarm","74.43","61.65","N/A","110.79","Sora","BenMitN","113,774,444","5"
"492398","2026-03-02 00:11:30","Weapon","SIG 552","yellow","16% Powerful","77.8","53.65","N/A","124.53","Sora","KingTopBoy","91,321,254","11"
"493068","2026-03-02 00:04:35","Weapon","Kitchen Knife","orange","10% Fury | 10% Rage","35.52","60.26","N/A","157.79","-Beesus-","KingKillerElmo","175,000,001","11"
"493062","2026-03-02 00:00:03","Weapon","Vektor CR-21","orange","8% Expose | 57% Deadeye","61.5","53.45","N/A","169.56","Catalyst410","KappyK8","544,101,748","12"
"493066","2026-03-01 23:59:41","Weapon","Tavor TAR-21","yellow","15% Puncture","71.35","55.45","N/A","97.93","Catalyst410","Wendy","60,060,060","5"
"493065","2026-03-01 23:59:37","Weapon","Tavor TAR-21","yellow","26% Deadeye","71.26","55.55","N/A","98.01","Catalyst410","Santiims","59,112,778","5"
"493064","2026-03-01 23:59:32","Weapon","Tavor TAR-21","yellow","19% Powerful","70.33","55.74","N/A","90.7","Catalyst410","Clouds","68,000,002","5"
"493063","2026-03-01 23:59:27","Weapon","Tavor TAR-21","yellow","17% Powerful","70.33","55.23","N/A","85.54","Catalyst410","Clouds","67,200,002","5"
"493061","2026-03-01 23:58:19","Weapon","Benelli M1 Tactical","yellow","26% Weaken","44.8","70.83","N/A","116.29","jaypaxs","GeneralMatter","59,000,001","6"
"493060","2026-03-01 23:58:14","Weapon","AK74U","yellow","56% Comeback","55.39","45.93","N/A","143.22","jaypaxs","El_Chico_Grande","25,000,001","7"
"493059","2026-03-01 23:58:07","Weapon","M16 A2 Rifle","yellow","26% Deadeye","66.72","52.2","N/A","109.18","jaypaxs","Just53","59,000,001","5"
"493057","2026-03-01 23:50:39","Weapon","AK-47","orange","53% Deadeye","66.59","58.62","N/A","172.13","TossedRelic60","Yischu","236,000,001","9"
"493052","2026-03-01 23:45:17","Weapon","ArmaLite M-15A4","yellow","3% Disarm","75.6","62","N/A","126","HeWhoDaresWins","BunnyBlanco","131,847,383","10"
"493055","2026-03-01 23:44:57","Weapon","Kama","yellow","25% Berserk","41.01","58.99","N/A","100","Tryrd","Just53","35,000,001","3"
"493054","2026-03-01 23:42:04","Weapon","M4A1 Colt Carbine","yellow","25% Conserve","61.21","51.22","N/A","104.3","HeWhoDaresWins","Just53","59,000,001","7"
"493053","2026-03-01 23:42:00","Weapon","Vektor CR-21","yellow","15% Warlord","58.17","52.19","N/A","123.6","HeWhoDaresWins","fie313","160,319,670","7"
"493051","2026-03-01 23:41:40","Weapon","Baseball Bat","yellow","4% Rage","21.99","62.98","N/A","119.69","Adamastor","GeneralMatter","35,000,001","5"
"493047","2026-03-01 23:40:17","Weapon","9mm Uzi","yellow","11% Revitalize","70.72","47.69","N/A","104.09","El_Chico_Grande","Mistress_Kryn","225,000,001","10"
"493050","2026-03-01 23:39:51","Weapon","SKS Carbine","yellow","50% Achilles","53.91","50.52","N/A","114.24","El_Chico_Grande","GeneralMatter","59,000,001","6"
"493049","2026-03-01 23:39:48","Weapon","SIG 552","yellow","25% Conserve","75","54.71","N/A","107.11","El_Chico_Grande","jer","59,112,778","6"
"493048","2026-03-01 23:39:43","Weapon","Glock 17","yellow","4% Disarm","34.59","57.09","N/A","106.85","El_Chico_Grande","Omnifix","24,503,001","4"
"493046","2026-03-01 23:39:36","Weapon","Beretta M9","yellow","15% Motivation","42.36","57.32","N/A","96.81","El_Chico_Grande","CruelX094","26,504,001","5"
"493045","2026-03-01 23:38:54","Weapon","MP5 Navy","yellow","16% Warlord","51.68","55.21","N/A","108.83","Clitasaurus","fie313","165,000,001","8"
"492693","2026-03-01 23:38:13","Weapon","ArmaLite M-15A4","yellow","7% Expose","76.64","62.31","N/A","139.48","OnlyDelusion","-LQ-","255,000,001","17"
"493044","2026-03-01 23:38:06","Weapon","S&W Revolver","yellow","19% Double Tap","49.23","58.59","N/A","118.2","Obey","GeneralMatter","23,000,001","5"
"493043","2026-03-01 23:36:22","Weapon","Flail","yellow","12% Stun","77.88","32.53","N/A","114.1","Grezzle","GeneralMatter","34,500,001","5"
"493042","2026-03-01 23:36:02","Weapon","Bread Knife","yellow","45% Lacerate","41.07","66.53","N/A","15.93","-Beesus-","__SmittySon__","3,000,000,001","15"
"493041","2026-03-01 23:32:56","Weapon","Beretta 92FS","yellow","59% Assassinate","55.76","57.36","N/A","141.18","Bokoma","Dahshat","26,000,001","8"
"490786","2026-03-01 23:22:43","Weapon","Vektor CR-21","yellow","24% Specialist","56.68","54.11","N/A","127.88","Slunter112","jer","59,250,001","11"
"493040","2026-03-01 23:18:40","Weapon","Raven MP25","red","30% Motivation | 88% Assassinate","43.31","60.57","N/A","228.82","Fix","-DirtNap-","755,555,556","9"
"493038","2026-03-01 23:12:22","Weapon","Ruger 57","orange","13% Expose","41.38","65.1","N/A","184.81","Gravy-Train","-LQ-","75,000,001","5"
"491665","2026-03-01 23:07:36","Weapon","Heckler & Koch SL8","yellow","58% Cupid","67.72","52.03","N/A","137.54","Johnwaynegacy","jer","59,342,001","7"
"493037","2026-03-01 23:07:28","Weapon","Scimitar","orange","23% Eviscerate","49.34","63.6","N/A","149.4","-Beesus-","SexxySweety","783,674,763","13"
"493036","2026-03-01 23:06:05","Weapon","M249 SAW","orange","24% Puncture","78.75","48.48","N/A","192.31","-Beesus-","SexxySweety","330,000,001","17"
"492393","2026-03-01 23:03:58","Weapon","Ruger 57","yellow","54% Cupid","39.85","60.14","N/A","119.92","Xand3r187","Omnifix","24,506,001","6"
"492392","2026-03-01 23:03:55","Weapon","Raven MP25","yellow","15% Execute","34.42","56.04","N/A","94.64","Xand3r187","Karvelix","25,601,112","8"
"492391","2026-03-01 23:03:52","Weapon","Magnum","yellow","17% Motivation","61.73","41.37","N/A","100.98","Xand3r187","CruelX094","26,162,637","6"
"492390","2026-03-01 23:03:47","Weapon","MP5k","yellow","16% Motivation","49.68","56.96","N/A","126.37","Xand3r187","BenMitN","30,000,101","5"
"493035","2026-03-01 22:58:45","Armor","Assault Helmet","yellow","20% Impenetrable","N/A","N/A","46.34","6.83","Belobog","Kohnago","91,111,112","5"
"493034","2026-03-01 22:56:08","Armor","Assault Pants","yellow","22% Impenetrable","N/A","N/A","46.54","10.86","HagelslagPakje","DeathDoctor","175,000,001","5"
"493033","2026-03-01 22:56:05","Weapon","Kitchen Knife","yellow","18% Puncture","30.82","58.96","N/A","97.79","TontolouDerhaka","GeneralMatter","34,500,001","9"
"493032","2026-03-01 22:56:04","Armor","Assault Helmet","yellow","22% Impenetrable","N/A","N/A","47.16","23.24","HagelslagPakje","DeathDoctor","105,000,001","5"
"493031","2026-03-01 22:56:02","Armor","Assault Gloves","yellow","21% Impenetrable","N/A","N/A","47.08","21.69","HagelslagPakje","Tim","107,000,001","3"
"493030","2026-03-01 22:55:57","Armor","Assault Boots","yellow","25% Impenetrable","N/A","N/A","46.1","2.04","HagelslagPakje","DeathDoctor","143,720,001","5"
"493029","2026-03-01 22:55:55","Weapon","Swiss Army Knife","yellow","21% Slow","29.88","57.47","N/A","123.51","Jypo","GeneralMatter","35,500,001","9"
"493028","2026-03-01 22:55:54","Armor","Assault Body","yellow","23% Impenetrable","N/A","N/A","46.42","8.31","HagelslagPakje","Chuchamp","250,000,421","8"
"493027","2026-03-01 22:55:49","Weapon","Naval Cutlass","yellow","4% Rage","71.22","55.67","N/A","108.91","Jypo","Wendy","40,000,001","10"
"493026","2026-03-01 22:55:46","Weapon","Luger","yellow","27% Wither","41.65","52.69","N/A","113.37","Jypo","Tokyo","26,100,002","6"
"492675","2026-03-01 22:39:08","Weapon","Tavor TAR-21","orange","32% Conserve","73.6","59.12","N/A","157.11","GryffinHunter","Whitebeard","177,500,001","8"
"493023","2026-03-01 22:37:01","Weapon","Yasukuni Sword","yellow","13% Double-edged","71.42","52.85","N/A","102.73","HenkyPenky","DirtyDhruva","39,000,001","7"
"491194","2026-03-01 22:30:21","Weapon","USP","yellow","21% Wither","49.13","62.82","N/A","99.54","BodyZoneX","BenMitN","24,525,253","12"
"492365","2026-03-01 22:26:41","Weapon","P90","yellow","17% Warlord","56.19","56.35","N/A","135.48","Tortuga","PIMPxH4ND","180,000,001","10"
"491636","2026-03-01 22:25:21","Weapon","TMP","yellow","15% Motivation","44.36","49.85","N/A","112.09","joshuap1","LocalHussleRED","28,000,001","10"
"493022","2026-03-01 22:12:38","Armor","Delta Gloves","orange","5% Invulnerable","N/A","N/A","49.09","1.7","Belobog","qez","266,000,001","10"
"491626","2026-03-01 22:04:52","Weapon","Enfield SA-80","yellow","15% Puncture","69.12","61.23","N/A","123.53","Pyro","Bruiser","120,139,441","19"
"492357","2026-03-01 22:02:48","Armor","Riot Helmet","yellow","23% Impregnable","N/A","N/A","37.53","50.64","JackDawe","paomian_","131,855,786","11"
"493019","2026-03-01 21:59:43","Weapon","Qsz-92","yellow","62% Quicken","68.03","56.66","N/A","96.95","Rabota","JosePaolo","44,642,532","7"
"491621","2026-03-01 21:55:48","Weapon","Naval Cutlass","yellow","76% Quicken","70.25","57.66","N/A","119.12","MattMick222","THEPLAYER","113,756,422","17"
"493018","2026-03-01 21:55:47","Armor","Riot Helmet","yellow","20% Impregnable","N/A","N/A","35.49","9.74","MrSleepy","Eromis","97,655,288","6"
"492662","2026-03-01 21:53:47","Weapon","MP5 Navy","orange","71% Comeback | 62% Quicken","57.98","56.57","N/A","185.44","SageUFT","ValenceS","125,771,203","8"
"493017","2026-03-01 21:52:45","Weapon","Taurus","orange","30% Wither","39.19","64.03","N/A","162.22","Icurnvs","-DirtNap-","75,349,171","10"
"492661","2026-03-01 21:49:18","Weapon","ArmaLite M-15A4","yellow","50% Assassinate","75.24","61.09","N/A","113.35","DocDevil","Sewen","156,000,001","12"
"493016","2026-03-01 21:46:04","Weapon","Ninja Claws","yellow","23% Plunder","45.91","54.66","N/A","105.69","The_gladiator","PurpleHaze","59,917,523","16"
"493015","2026-03-01 21:40:01","Armor","Assault Pants","yellow","21% Impenetrable","N/A","N/A","47.8","35.9","M__","BluePunisher","187,900,501","6"
"493014","2026-03-01 21:35:24","Weapon","Ithaca 37","yellow","71% Throttle","55.56","65.77","N/A","103.35","HenkyPenky","GeneralMatter","58,500,001","7"
"493013","2026-03-01 21:33:42","Armor","Riot Gloves","yellow","20% Impregnable","N/A","N/A","45.88","17.55","clutch82","Pcat1","71,012,778","8"
"493012","2026-03-01 21:30:07","Weapon","BT MP9","yellow","15% Motivation","67.53","59.01","N/A","105.37","HeirOfLeviathan","Longroth","102,124,843","7"
"493011","2026-03-01 21:29:28","Weapon","Benelli M1 Tactical","yellow","18% Warlord","45.71","69.1","N/A","108.07","HeirOfLeviathan","10_","223,599,001","5"
"492345","2026-03-01 21:24:37","Armor","Delta Body","orange","9% Invulnerable","N/A","N/A","52.39","67.89","Einhander","Alpha_Stalker","663,000,001","15"
"492344","2026-03-01 21:23:47","Weapon","Vektor CR-21","yellow","15% Focus","57.43","53.01","N/A","124.37","Shindig7","Droxy","59,112,778","10"
"492343","2026-03-01 21:22:52","Weapon","Vektor CR-21","yellow","16% Focus","56.25","55.15","N/A","133.95","Shindig7","Droxy","59,342,001","7"
"492342","2026-03-01 21:22:42","Armor","Riot Boots","yellow","21% Impregnable","N/A","N/A","46.92","38.35","Shindig7","colthud","80,000,001","9"
"493010","2026-03-01 21:14:00","Weapon","Claymore Sword","yellow","50% Parry","65.03","55.69","N/A","147.26","KoopaMcKenzie","MarkStark","218,599,001","11"
"493009","2026-03-01 20:59:57","Weapon","Sawed-Off Shotgun","yellow","23% Cripple","48.47","66.45","N/A","109.12","ChaoticNova","Just53","58,500,001","8"
"493008","2026-03-01 20:59:53","Weapon","SIG 552","yellow","25% Conserve","75.29","55.04","N/A","113.25","ChaoticNova","Droxy","70,000,001","7"
"492332","2026-03-01 20:38:00","Armor","Assault Boots","yellow","23% Impenetrable","N/A","N/A","46.91","18.14","Julle","Chuchamp","132,000,001","7"
"493002","2026-03-01 20:28:43","Weapon","Stoner 96","yellow","19% Warlord","77.1","53.92","N/A","130.17","Derpdock","Sim920","430,000,001","10"
"493001","2026-03-01 20:28:17","Weapon","Luger","yellow","15% Execute","42.8","51.42","N/A","112.15","Datboi130","Droxy","40,160,259","7"
"493000","2026-03-01 20:27:14","Weapon","Milkor MGL","yellow","21% Cripple","78.87","45.31","N/A","111.79","Arinargo","Alpha_Stalker","83,160,001","8"
"492324","2026-03-01 20:26:55","Weapon","Kitchen Knife","yellow","23% Plunder","32.58","60.32","N/A","128.97","bluntmania","Chaachu","50,000,001","7"
"492323","2026-03-01 20:24:44","Weapon","Fiveseven","yellow","7% Expose","58.67","53.35","N/A","110.22","Bigjay85","Droxy","30,000,001","7"
"492998","2026-03-01 20:20:14","Weapon","Crowbar","yellow","16% Motivation","26.57","56.48","N/A","110.56","Spink","KingOmar","36,000,001","13"
"491961","2026-03-01 20:09:40","Weapon","Vektor CR-21","yellow","38% Deadeye","57.35","54.21","N/A","135.58","q911","Whitebeard","63,000,001","15"
"492314","2026-03-01 20:09:38","Weapon","Diamond Bladed Knife","yellow","29% Penetrate","65.37","67.15","N/A","105.19","Flakka","lepik","377,777,778","14"
"491583","2026-03-01 20:08:06","Weapon","Mag 7","yellow","26% Specialist","65.64","69.47","N/A","171.05","LolMaximus335","Just53","59,157,486","10"
"492995","2026-03-01 20:04:26","Weapon","MP 40","yellow","21% Proficience","43.39","45.54","N/A","109.32","NinjaSmurf","mclninja","44,000,001","14"
"492994","2026-03-01 20:04:23","Weapon","Qsz-92","yellow","25% Deadeye","68.99","56.72","N/A","107.1","NinjaSmurf","Skrep","38,936,268","3"
"492992","2026-03-01 19:58:18","Weapon","Qsz-92","yellow","23% Wither","70.41","56.72","N/A","121.29","NinjaSmurf","Rha","45,500,001","9"
"492713","2026-03-02 00:50:02","Weapon","Stoner 96","yellow","16% Puncture","74.77","54.28","N/A","110.47","starlord9","KingTopBoy","94,000,001","8"
"493083","2026-03-02 00:46:21","Weapon","BT MP9","yellow","25% Slow","68.1","58.52","N/A","106.1","joshuap1","Infurnux","95,415,849","2"
"493082","2026-03-02 00:42:30","Weapon","BT MP9","yellow","21% Slow","68.51","62.51","N/A","150.16","Arhuul","Apatxe","95,999,217","6"
"492408","2026-03-02 00:55:01","Weapon","Sawed-Off Shotgun","yellow","2% Deadly","48.97","69.26","N/A","142.33","Danbar","Just53","58,000,001","8"
"492410","2026-03-02 00:54:36","Weapon","Benelli M1 Tactical","yellow","7% Expose","46.68","68.86","N/A","115.39","Danbar","Just53","59,000,001","6"
"492409","2026-03-02 00:54:33","Weapon","Heckler & Koch SL8","yellow","18% Puncture","67.63","49.95","N/A","115.8","Danbar","-Josh-","59,250,049","5"
"493087","2026-03-02 00:53:41","Weapon","P90","yellow","16% Warlord","54.78","54.37","N/A","101.48","Berok","PIMPxH4ND","160,301,239","6"
"493088","2026-03-02 00:53:33","Weapon","SMAW Launcher","yellow","17% Warlord","81.83","48.69","N/A","125.19","Berok","PIMPxH4ND","185,555,556","11"
"493086","2026-03-02 00:53:14","Weapon","Macana","orange","55% Deadeye","70.12","71.41","N/A","195.33","Berok","Lord_Gorgen","1,133,736,370","16"
"493085","2026-03-02 00:53:10","Weapon","Blunderbuss","orange","21% Warlord","56.92","30.89","N/A","178.1","Berok","Master_Fr1dge","322,222,223","11"
"493084","2026-03-02 00:53:06","Weapon","BT MP9","yellow","10% Revitalize","68.73","60.21","N/A","129.43","Berok","AACookieAA","560,000,001","9"
"493093","2026-03-02 01:17:35","Armor","Dune Boots","yellow","30% Insurmountable","N/A","N/A","46.9","57.92","_Big_GunZ_","Apatxe","72,300,001","8"
"493091","2026-03-02 01:04:33","Weapon","Vektor CR-21","yellow","15% Focus","58.17","54.82","N/A","149.86","Obi-Bun-Cannobi","Just53","59,112,778","4"
"492731","2026-03-02 01:40:35","Weapon","XM8 Rifle","yellow","17% Warlord","56.6","61.22","N/A","118.25","Fragzz","TerryC","211,100,001","8"
"493104","2026-03-02 01:30:36","Weapon","Beretta 92FS","yellow","21% Wither","55.08","54.74","N/A","108.23","xSwav","-Clutch-","25,000,000","8"
"493103","2026-03-02 01:28:59","Armor","Riot Pants","yellow","22% Impregnable","N/A","N/A","45.7","14.02","Dooby","Pcat1","73,402,383","11"
"493102","2026-03-02 01:28:55","Armor","Dune Vest","yellow","36% Insurmountable","N/A","N/A","45.19","23.8","Dooby","RipTheJacker","72,300,001","7"
"493101","2026-03-02 01:28:51","Armor","Dune Vest","yellow","33% Insurmountable","N/A","N/A","45.03","20.56","Dooby","RipTheJacker","72,300,001","8"
"493100","2026-03-02 01:28:01","Weapon","Flail","yellow","6% Frenzy","76.7","33.66","N/A","113.61","xSwav","Just53","35,350,003","6"
"493099","2026-03-02 01:27:58","Weapon","Bo Staff","yellow","74% Empower","18.78","58.81","N/A","95.88","xSwav","KillerCareBear","35,200,001","4"
"493113","2026-03-02 02:55:34","Weapon","Baseball Bat","yellow","11% Stun","22.01","62.32","N/A","113.32","MarkStark","Tealy","35,350,003","4"
"492417","2026-03-02 02:30:13","Weapon","Bushmaster Carbon 15","yellow","54% Quicken","56.6","61.25","N/A","108.5","tom_churkin","Colmere","76,000,001","8"
"493106","2026-03-02 02:15:48","Weapon","Vektor CR-21","yellow","3% Disarm","56.82","54.54","N/A","133.53","_Big_GunZ_","Xxx-LeXie-xxx","59,200,001","7"
"490860","2026-03-02 02:08:53","Weapon","Yasukuni Sword","yellow","21% Plunder","71.76","53.87","N/A","116.33","ReconByFire","Dagratch","226,302,669","16"
"492430","2026-03-02 03:39:50","Weapon","Dagger","orange","35% Wither","38.34","67.08","N/A","174.23","dersokot","Promer1000","130,000,001","7"
"492428","2026-03-02 03:23:50","Weapon","M4A1 Colt Carbine","orange","91% Assassinate | 27% Penetrate","67.83","53.15","N/A","189.81","Slimg98","thewillie","468,000,001","20"
"492755","2026-03-02 03:23:05","Weapon","Diamond Bladed Knife","orange","45% Backstab | 56% Empower","71.65","67.97","N/A","176.19","Squatchy342","Tamirys","1,880,000,001","11"
"493118","2026-03-02 03:15:24","Weapon","M4A1 Colt Carbine","yellow","26% Penetrate","62","50.5","N/A","104.95","BuellinDubee","Koostix","130,000,001","8"
"493117","2026-03-02 03:15:00","Weapon","Sai","yellow","26% Penetrate","35.91","56.18","N/A","110.88","BuellinDubee","LKSH","35,500,001","6"
"493116","2026-03-02 03:14:55","Weapon","Kitchen Knife","yellow","21% Slow","36.1","59.56","N/A","156.63","BuellinDubee","Tealy","35,350,003","5"
"492425","2026-03-02 03:00:16","Armor","Marauder Body","orange","8% Imperviable","N/A","N/A","52.23","4.55","_Big_GunZ_","MeatBigHeader","1,322,222,223","12"
"492445","2026-03-02 04:51:02","Armor","Assault Pants","yellow","24% Impenetrable","N/A","N/A","48.39","47.7","GrumpyB","RandomMan1","260,002,223","10"
"492444","2026-03-02 04:48:38","Armor","Riot Gloves","yellow","22% Impregnable","N/A","N/A","46.92","38.49","GrumpyB","Pcat1","73,603,703","12"
"492443","2026-03-02 04:48:34","Armor","Assault Helmet","yellow","20% Impenetrable","N/A","N/A","47","20.03","GrumpyB","RandomMan1","107,705,480","8"
"492441","2026-03-02 04:46:59","Weapon","Benelli M4 Super","yellow","26% Blindside","66","59.9","N/A","119.05","TechTarzan","Xxx-LeXie-xxx","59,112,778","14"
"492440","2026-03-02 04:31:37","Weapon","Mag 7","yellow","26% Cripple","62.32","67.13","N/A","114.47","Talex731","OD-NoK","63,000,001","15"
"492439","2026-03-02 04:31:33","Weapon","M16 A2 Rifle","yellow","33% Deadeye","69.84","52.79","N/A","146.29","Talex731","Xxx-LeXie-xxx","59,200,001","9"
"493138","2026-03-02 04:26:55","Armor","Assault Boots","yellow","22% Impenetrable","N/A","N/A","46.67","13.48","PlayerZero","p00pyhead","128,000,001","8"
"493140","2026-03-02 04:26:35","Armor","Assault Pants","yellow","20% Impenetrable","N/A","N/A","46.48","9.58","PlayerZero","_Kangel_","173,720,001","5"
"493142","2026-03-02 04:25:49","Armor","Dune Vest","yellow","33% Insurmountable","N/A","N/A","44.69","13.79","PlayerZero","GeneralMatter","71,722,907","5"
"493141","2026-03-02 04:25:45","Armor","Dune Boots","yellow","32% Insurmountable","N/A","N/A","44.14","2.85","PlayerZero","GeneralMatter","71,722,907","6"
"493139","2026-03-02 04:25:36","Armor","Assault Gloves","yellow","23% Impenetrable","N/A","N/A","47.11","22.26","PlayerZero","BluePunisher","124,000,001","7"
"492765","2026-03-02 04:21:15","Weapon","MP5 Navy","yellow","24% Slow","52.32","54.15","N/A","104.69","Obey","SaintsGrim","30,000,001","8"
"490908","2026-03-02 04:17:40","Weapon","Qsz-92","yellow","71% Cupid","68.79","57.56","N/A","113.44","Fuhqit","LLOTH","30,000,001","10"
"492453","2026-03-02 05:51:08","Weapon","Thompson","yellow","17% Warlord","44.36","47.25","N/A","96.1","LTjordan","E_Call","162,300,439","7"
"492452","2026-03-02 05:51:02","Weapon","Beretta M9","yellow","55% Assassinate","43.37","58.5","N/A","118.78","LTjordan","Agent69","30,000,001","6"
"492451","2026-03-02 05:34:39","Weapon","Knuckle Dusters","yellow","51% Empower","18.42","68.2","N/A","136.18","pimpxmcgiggles","Mrhoney0808","35,200,001","5"
"492449","2026-03-02 05:34:21","Weapon","Katana","yellow","8% Expose","58.53","59.83","N/A","113.56","pimpxmcgiggles","Mrhoney0808","37,037,037","9"
"492114","2026-03-02 05:33:12","Weapon","Taurus","orange","48% Deadeye","41.84","64.27","N/A","191.19","Bigdawgqwell","Just53","71,000,001","10"
"493151","2026-03-02 05:32:41","Weapon","MP5 Navy","yellow","23% Specialist","51.81","55.03","N/A","108.4","_Kurt_Cobain_","Mrhoney0808","30,000,001","13"
"493240","2026-03-02 13:49:06","Armor","Dune Helmet","yellow","30% Insurmountable","N/A","N/A","44.06","1.15","Opie","Gilead","71,700,001","16"
"493239","2026-03-02 13:49:04","Weapon","Guandao","yellow","20% Weaken","70.12","38.76","N/A","108.79","Opie","Haskiii","50,000,001","9"
"493237","2026-03-02 13:37:07","Weapon","Kodachi","yellow","15% Eviscerate","68.81","61.01","N/A","118.22","CaptainAstronom","jmitc115","485,000,001","7"
"493236","2026-03-02 13:37:00","Weapon","Yasukuni Sword","yellow","51% Empower","70.32","53.78","N/A","101.03","CaptainAstronom","-Josh-","171,120,000","4"
"493235","2026-03-02 13:36:55","Weapon","Tavor TAR-21","yellow","3% Sure Shot","71.4","55.5","N/A","99.03","CaptainAstronom","Piercyy","57,000,001","8"
"493234","2026-03-02 13:36:50","Weapon","Mag 7","yellow","7% Expose","63.02","66.04","N/A","110.51","CaptainAstronom","KingTopBoy","57,500,001","9"
"493233","2026-03-02 13:36:46","Weapon","Benelli M4 Super","yellow","7% Expose","65.13","59.57","N/A","106.96","CaptainAstronom","Just53","58,800,001","6"
"492873","2026-03-02 13:36:44","Weapon","Magnum","yellow","15% Motivation","60.8","42.05","N/A","98.43","Bennyyy","Slimg98","25,000,001","7"
"492872","2026-03-02 13:36:39","Weapon","Springfield 1911","yellow","25% Deadeye","39.16","62.35","N/A","115.06","Bennyyy","R1NGO","26,000,001","8"
"492871","2026-03-02 13:36:28","Weapon","MP5k","yellow","24% Proficience","47.78","57.05","N/A","108.25","Bennyyy","LocalHussleRED","63,000,001","9"
"493232","2026-03-02 13:19:58","Armor","Assault Boots","yellow","20% Impenetrable","N/A","N/A","46.51","10.19","The_Gambler_Ace","kleddy","121,800,001","7"
"493231","2026-03-02 13:12:30","Weapon","SKS Carbine","yellow","7% Expose","52.38","52.8","N/A","121.84","Equilibr1um","Just53","57,500,001","3"
"493230","2026-03-02 13:12:03","Weapon","Crowbar","yellow","16% Powerful","25.72","56.16","N/A","98.72","Equilibr1um","A1D","35,538,656","3"
"493229","2026-03-02 13:10:03","Weapon","Raven MP25","yellow","16% Motivation","34.3","56.15","N/A","94.45","Equilibr1um","Pg99","28,000,001","6"
"492867","2026-03-02 13:02:14","Weapon","P90","yellow","16% Motivation","55.76","54.16","N/A","109.18","KD0G","Apollon","36,000,001","10"
"491018","2026-03-02 12:54:33","Weapon","Jackhammer","orange","54% Throttle | 31% Specialist","78.81","60.52","N/A","183.27","Graystar","flumpster","344,000,001","20"
"493228","2026-03-02 12:39:14","Weapon","Luger","yellow","22% Wither","41.93","53.12","N/A","120.53","scottypops","BlackLeaves","50,069,803","6"
"493227","2026-03-02 12:39:06","Weapon","Flail","yellow","5% Frenzy","80.07","32.07","N/A","131.34","scottypops","LeviMon99","40,532,472","5"
"493226","2026-03-02 12:27:00","Weapon","MP5 Navy","yellow","15% Warlord","52.47","55.74","N/A","122.07","Kladon","PolarFox","163,999,001","6"
"493225","2026-03-02 12:24:48","Weapon","M16 A2 Rifle","yellow","17% Warlord","66.82","51.4","N/A","102.13","Kladon","Opie","222,000,001","8"
"492510","2026-03-02 12:08:00","Weapon","Kodachi","yellow","11% Bloodlust","68.52","61.73","N/A","122.47","Iceman32","Apatxe","277,000,001","16"
"493224","2026-03-02 12:07:13","Weapon","Vektor CR-21","yellow","52% Cupid","58.69","52.04","N/A","127.35","BigOunce32","Just53","58,900,001","3"
"493219","2026-03-02 12:02:39","Weapon","Ninja Claws","orange","8% Frenzy","49.01","56.77","N/A","157.89","HenkyPenky","Whitebeard","107,057,499","9"
"492508","2026-03-02 11:53:02","Weapon","SIG 552","yellow","25% Penetrate","75.56","56.64","N/A","132.04","Meditry","raas915","151,000,001","11"
"492507","2026-03-02 11:52:57","Weapon","SIG 552","orange","93% Achilles","78.02","57.79","N/A","168.17","Meditry","Whitebeard","172,500,001","10"
"493218","2026-03-02 11:45:45","Weapon","M16 A2 Rifle","yellow","7% Expose","67.94","50.34","N/A","102.82","LeviMon99","TactileIre","62,000,001","5"
"493217","2026-03-02 11:41:23","Armor","Dune Gloves","yellow","31% Insurmountable","N/A","N/A","45.29","25.75","RonnieTunguska","Apatxe","67,607,106","12"
"493216","2026-03-02 11:41:18","Armor","Assault Pants","yellow","20% Impenetrable","N/A","N/A","47.24","24.84","RonnieTunguska","kleddy","178,900,001","8"
"493213","2026-03-02 11:21:51","Weapon","Bushmaster Carbon 15","orange","37% Proficience | 22% Slow","58.91","63.83","N/A","157.43","KnugeLadd","Opie","351,111,113","10"
"493212","2026-03-02 11:21:47","Weapon","USP","yellow","15% Execute","49.4","62.68","N/A","100.8","KnugeLadd","Apollon","30,330,001","4"
"493211","2026-03-02 11:14:45","Weapon","Beretta M9","yellow","20% Specialist","44.42","57.58","N/A","119.98","KavinPoddar","DirtyDhruva","26,000,001","6"
"492844","2026-03-02 11:14:34","Weapon","Yasukuni Sword","yellow","21% Bleed","72.84","54.68","N/A","135.11","sJames","CLK_","205,000,001","9"
"490997","2026-03-02 11:13:48","Weapon","AK74U","orange","10% Revitalize | 40% Slow","57.71","49.08","N/A","197.94","Tomazo","TheHarvester","450,000,001","21"
"493210","2026-03-02 11:10:20","Weapon","Diamond Bladed Knife","yellow","24% Slow","68.35","69.4","N/A","157.49","Deshwitard","DARKMAXXARONI","314,784,635","10"
"493209","2026-03-02 11:10:17","Weapon","Glock 17","yellow","83% Quicken","34.36","58.77","N/A","121.26","Deshwitard","LocalHussleRED","40,000,001","9"
"492492","2026-03-02 10:09:17","Weapon","Claymore Sword","yellow","10% Fury","65.54","53.62","N/A","131.58","_Delirium_","Piercyy","37,397,674","6"
"493198","2026-03-02 09:49:27","Weapon","Enfield SA-80","orange","6% Disarm","71.92","61.19","N/A","151.12","Marvel666","grobut","327,777,779","12"
"492486","2026-03-02 09:39:44","Armor","Assault Helmet","yellow","21% Impenetrable","N/A","N/A","46.48","9.63","Whirlpool","Hauyne","94,017,856","11"
"490976","2026-03-02 09:23:23","Weapon","Qsz-92","yellow","16% Execute","67.19","57.57","N/A","97.58","LordLugard","raas915","75,000,001","15"
"493192","2026-03-02 09:03:01","Weapon","Crowbar","yellow","18% Powerful","27.06","58.9","N/A","139.57","Squadron","Just53","35,000,001","5"
"493191","2026-03-02 09:02:55","Weapon","Desert Eagle","yellow","5% Disarm","65.39","40.97","N/A","113.59","Squadron","CriticalGamer","24,000,001","9"
"493190","2026-03-02 09:02:49","Weapon","M4A1 Colt Carbine","yellow","15% Focus","61.61","50.71","N/A","103.22","Squadron","Just53","58,900,001","4"
"493189","2026-03-02 08:57:11","Weapon","Yasukuni Sword","yellow","15% Motivation","71.92","52.98","N/A","109.01","The_Djinn","Dr34dn0u9ht","95,000,001","10"
"493188","2026-03-02 08:57:06","Weapon","Leather Bullwhip","yellow","22% Berserk","33.58","57.08","N/A","116.59","The_Djinn","Just53","34,900,001","3"
"493187","2026-03-02 08:48:55","Armor","Delta Boots","orange","4% Invulnerable","N/A","N/A","51.65","53.01","MR_47","Raven2973","500,222,223","10"
"493186","2026-03-02 08:48:50","Armor","Assault Gloves","yellow","21% Impenetrable","N/A","N/A","46.2","3.95","MR_47","Shasta_McNasty","111,234,678","5"
"493185","2026-03-02 08:48:47","Armor","Assault Gloves","yellow","23% Impenetrable","N/A","N/A","46.52","10.32","MR_47","Kohnago","112,000,001","5"
"493184","2026-03-02 08:48:44","Weapon","Naval Cutlass","yellow","17% Eviscerate","69.95","56.92","N/A","108.63","Zero_EXP","raas915","264,700,001","8"
"493183","2026-03-02 08:48:41","Armor","Assault Boots","yellow","22% Impenetrable","N/A","N/A","47.89","37.88","MR_47","Psion","133,000,001","3"
"490969","2026-03-02 08:25:10","Weapon","Samurai Sword","yellow","6% Frenzy","65.23","59.29","N/A","145.11","atos","Apollon","47,391,762","16"
"490968","2026-03-02 08:25:00","Weapon","Flail","yellow","57% Roshambo","79.35","31.8","N/A","121.41","atos","Just53","34,700,001","11"
"492474","2026-03-02 08:05:45","Weapon","Axe","yellow","11% Fury","40.63","56.19","N/A","108.17","SpaceSloth","fluttershy","41,107,000","3"
"493181","2026-03-02 08:02:18","Weapon","Vektor CR-21","yellow","8% Expose","55.5","53.77","N/A","112.72","jaypaxs","Just53","58,800,001","3"
"493180","2026-03-02 08:02:13","Weapon","Glock 17","yellow","8% Expose","37.35","57.2","N/A","135.51","jaypaxs","Just53","23,300,001","3"
"493179","2026-03-02 08:00:23","Weapon","Beretta 92FS","yellow","8% Expose","56.52","55.47","N/A","129.92","Deshwitard","xSTRYKAx","25,000,001","7"
"493178","2026-03-02 08:00:20","Weapon","AK74U","yellow","71% Quicken","51.46","47.6","N/A","120.61","Deshwitard","POONTICKLE","36,000,001","5"
"493176","2026-03-02 07:43:25","Weapon","Frying Pan","yellow","4% Rage","25.6","47.12","N/A","107.2","Grezzle","Piercyy","35,200,001","4"
"493175","2026-03-02 07:41:00","Weapon","Negev NG-5","yellow","27% Conserve","76.25","41.3","N/A","135.58","Haughty","Just53","81,500,001","9"
"493174","2026-03-02 07:39:07","Weapon","Scimitar","yellow","20% Weaken","46.85","61.23","N/A","100.84","Haughty","danielporsh911","55,000,001","7"
"492465","2026-03-02 07:36:42","Armor","Dune Vest","yellow","30% Insurmountable","N/A","N/A","45.14","22.71","Stickyboy","Apatxe","71,605,878","10"
"492464","2026-03-02 07:36:38","Armor","Dune Pants","yellow","32% Insurmountable","N/A","N/A","45.54","30.72","Stickyboy","Apatxe","69,001,789","6"
"492463","2026-03-02 07:36:34","Armor","Dune Gloves","yellow","33% Insurmountable","N/A","N/A","45.57","31.35","Stickyboy","Apatxe","70,603,276","9"
"492462","2026-03-02 07:36:29","Armor","Dune Boots","yellow","30% Insurmountable","N/A","N/A","46.42","48.41","Stickyboy","KingTopBoy","72,500,001","11"
"493172","2026-03-02 07:28:09","Weapon","9mm Uzi","yellow","15% Motivation","72.49","48.24","N/A","127.29","Knappen","GNightman","25,250,363","5"
"492461","2026-03-02 07:26:50","Weapon","Qsz-92","yellow","61% Assassinate","69.23","59.19","N/A","134.27","-Fortie-","E_Call","74,400,307","12"
"492460","2026-03-02 07:26:45","Weapon","Qsz-92","yellow","21% Wither","68.51","56.94","N/A","104.46","-Fortie-","danielporsh911","45,000,001","7"
"493171","2026-03-02 07:25:22","Weapon","Qsz-92","orange","28% Double Tap","71.02","59.93","N/A","159.52","PentestPete","Return_of_hara","300,000,001","5"
"493170","2026-03-02 07:14:34","Weapon","Sai","yellow","51% Assassinate","37.06","55.27","N/A","113.31","Tangata","Just53","35,300,001","5"
"493169","2026-03-02 07:14:27","Weapon","Tavor TAR-21","yellow","19% Powerful","72.48","55.25","N/A","107.33","Tangata","Ajax717","98,500,002","7"
"493168","2026-03-02 07:14:22","Weapon","M4A1 Colt Carbine","yellow","16% Puncture","62.03","54.23","N/A","142.63","Tangata","Just53","58,800,001","6"
"492800","2026-03-02 07:06:30","Weapon","MP5k","yellow","52% Quicken","50.04","57.47","N/A","135.07","TAKs420","Nomanis","32,000,001","11"
"493167","2026-03-02 07:00:19","Weapon","Pen Knife","yellow","34% Backstab","26.72","50.11","N/A","108.34","Jypo","KillerCareBear","34,500,001","5"
"493166","2026-03-02 06:40:09","Weapon","Guandao","yellow","13% Fury","69.54","40.09","N/A","116.28","lGabbyl","MiroLeon","34,500,001","4"
"493165","2026-03-02 06:39:54","Weapon","Guandao","yellow","56% Empower","69.49","40.26","N/A","117.45","lGabbyl","MiroLeon","46,000,001","6"
"492798","2026-03-02 06:28:27","Weapon","Katana","yellow","8% Expose","58.07","59.34","N/A","104.07","Liamj","Skrep","34,500,001","7"
"492797","2026-03-02 06:28:00","Weapon","Swiss Army Knife","yellow","56% Achilles","30.1","58.07","N/A","131.69","Liamj","Just53","35,000,001","5"
"492796","2026-03-02 06:27:55","Weapon","Frying Pan","yellow","6% Frenzy","27.42","48.28","N/A","137.05","Liamj","Just53","35,000,001","7"
"491354","2026-03-02 06:20:07","Weapon","Mag 7","orange","29% Weaken","67.79","69.57","N/A","193.58","TechTarzan","auxman","193,000,701","14"
"493164","2026-03-02 06:19:50","Armor","Riot Boots","yellow","22% Impregnable","N/A","N/A","45.77","15.42","Ricardoedwardo","RealJormungandr","74,000,001","13"
"492794","2026-03-02 06:15:03","Weapon","MP 40","yellow","12% Revitalize","44.44","48.32","N/A","147.61","BillieTheKid","Ton3","616,000,001","6"
"493163","2026-03-02 06:02:43","Weapon","M249 SAW","yellow","8% Expose","73.36","46.81","N/A","121.69","Ygdonato","Toucanwot","82,897,544","8"
"493162","2026-03-02 06:02:39","Weapon","China Lake","yellow","24% Specialist","80.07","47.55","N/A","96.22","Ygdonato","Just53","81,500,001","7"
"493161","2026-03-02 06:02:35","Weapon","Blunderbuss","yellow","8% Expose","55.66","28.56","N/A","142.2","Ygdonato","Xxx-LeXie-xxx","59,200,001","7"
"493160","2026-03-02 06:02:30","Weapon","ArmaLite M-15A4","yellow","16% Focus","74.59","60.78","N/A","103.72","Ygdonato","Puffylabs","120,000,001","8"
"493159","2026-03-02 06:02:24","Weapon","9mm Uzi","yellow","25% Proficience","70.92","49.62","N/A","125.44","Ygdonato","crylater","60,000,001","8"
"493244","2026-03-02 14:01:44","Weapon","Kodachi","yellow","11% Bloodlust","70.41","60.19","N/A","126.02","A1D","Apollon","280,000,001","9"
"492884","2026-03-02 14:44:57","Weapon","Kodachi","yellow","21% Bleed","70.96","59.95","N/A","129.09","-Noel-","Heart","315,000,001","16"
"493258","2026-03-02 14:37:58","Weapon","Luger","yellow","50% Assassinate","41.78","52.72","N/A","115.05","Legion66","Ziggy_Goodsbane","26,000,001","8"
"493257","2026-03-02 14:37:54","Weapon","Desert Eagle","yellow","62% Cupid","66.54","40.42","N/A","119.58","Legion66","Omnifix","25,000,000","7"
"493256","2026-03-02 14:37:49","Weapon","Cobra Derringer","yellow","15% Motivation","67.81","57.1","N/A","109.02","Legion66","xSTRYKAx","28,797,626","5"
"493255","2026-03-02 14:37:42","Weapon","Cobra Derringer","yellow","61% Assassinate","67.84","56.83","N/A","106.75","Legion66","lepik","280,000,001","9"
"493250","2026-03-02 14:29:30","Weapon","Diamond Bladed Knife","yellow","50% Empower","68.04","66.13","N/A","121.7","Wardkieran","Apollon","441,837,274","7"
"493251","2026-03-02 14:29:14","Weapon","Ithaca 37","yellow","19% Warlord","56.05","66.74","N/A","117.95","Wardkieran","Battle_cat","267,000,001","13"
"493254","2026-03-02 14:29:02","Weapon","Milkor MGL","yellow","10% Stun","78.84","44.7","N/A","105.42","Wardkieran","Wendy","86,009,899","5"
"493253","2026-03-02 14:28:54","Weapon","Milkor MGL","orange","23% Stun","82.7","46.7","N/A","163.97","Wardkieran","Wendy","290,000,001","16"
"493252","2026-03-02 14:28:51","Weapon","MP5 Navy","yellow","15% Powerful","53.43","55.3","N/A","127.27","Wardkieran","Apollon","28,797,626","9"
"492534","2026-03-02 14:18:40","Armor","Dune Vest","yellow","33% Insurmountable","N/A","N/A","45.77","35.48","Pierce","Apatxe","71,000,001","10"
"493247","2026-03-02 14:14:41","Weapon","ArmaLite M-15A4","yellow","51% Assassinate","76.45","60.52","N/A","119.66","Dangerous_Dan","Angel_Assassin","148,700,401","7"
"492533","2026-03-02 14:14:32","Weapon","Taurus","yellow","15% Execute","38.55","61.24","N/A","127.88","Calm","Ziggy_Goodsbane","28,271,720","5"
"492532","2026-03-02 14:14:09","Weapon","Scimitar","yellow","60% Empower","46.8","63","N/A","117.94","Calm","SP1NE","60,038,399","8"
"493278","2026-03-02 15:54:26","Weapon","Bo Staff","yellow","10% Stun","20.19","60.07","N/A","122.62","Bokoma","Just53","34,515,253","6"
"493277","2026-03-02 15:53:12","Weapon","Glock 17","yellow","15% Motivation","34.28","57.43","N/A","107.07","ELF","Perico85","25,000,000","5"
"493276","2026-03-02 15:52:13","Weapon","Magnum","yellow","16% Motivation","60.7","42.7","N/A","103.97","ELF","Piercyy","25,850,001","6"
"493275","2026-03-02 15:50:08","Weapon","Metal Nunchaku","yellow","11% Fury","67.82","64.8","N/A","116.22","Sesongg","Kyuss777","80,000,001","6"
"493274","2026-03-02 15:50:04","Weapon","Swiss Army Knife","yellow","54% Assassinate","30.08","56.73","N/A","118.07","Sesongg","Just53","34,515,253","5"
"493273","2026-03-02 15:49:59","Weapon","Chain Whip","yellow","10% Bloodlust","37.25","55.44","N/A","96.86","Sesongg","Beano_Keano","35,200,001","7"
"493272","2026-03-02 15:38:41","Weapon","SKS Carbine","yellow","4% Disarm","53.36","51.4","N/A","117.6","Icy","Xxx-LeXie-xxx","59,197,001","6"
"493271","2026-03-02 15:38:35","Weapon","M16 A2 Rifle","yellow","19% Powerful","67.97","51.65","N/A","116.2","Icy","Reaper7878","65,000,001","12"
"492250","2026-03-02 15:31:01","Weapon","AK-47","orange","32% Penetrate","66.16","59.17","N/A","173.33","PCPhat","grobut","300,000,001","18"
"492564","2026-03-02 15:27:55","Weapon","MP5k","yellow","15% Warlord","52.18","56.06","N/A","142.39","EvilKill","XL04XL","185,000,001","11"
"492563","2026-03-02 15:27:39","Weapon","Scimitar","orange","22% Motivation","50.78","64.93","N/A","177.06","EvilKill","-Josh-","360,000,001","12"
"492562","2026-03-02 15:27:35","Weapon","Enfield SA-80","yellow","30% Deadeye","71.21","60.12","N/A","133.25","EvilKill","Kinko","150,000,001","9"
"492559","2026-03-02 15:17:42","Weapon","Bushmaster Carbon 15","orange","20% Motivation","58.77","65.48","N/A","172.45","The_Skipper","PIMPxH4ND","200,000,001","15"
"492558","2026-03-02 15:17:31","Weapon","Bushmaster Carbon 15","orange","30% Wither","63.43","62.35","N/A","187.77","The_Skipper","Churchill93","158,700,401","12"
"493270","2026-03-02 15:16:43","Weapon","Qsz-92","yellow","70% Quicken","69.18","57.64","N/A","118.17","Kamerplant666","Jam1e67","68,000,001","8"
"493269","2026-03-02 15:15:55","Weapon","Benelli M4 Super","yellow","2% Deadly","66.92","60.49","N/A","134.14","Kamerplant666","Jedii43","59,300,001","12"
"493266","2026-03-02 15:06:59","Weapon","Magnum","yellow","58% Cupid","61.9","42.93","N/A","118.26","Blair_Bear","Alpacamybags","26,000,001","9"
"492556","2026-03-02 15:06:22","Weapon","Chain Whip","orange","41% Bleed","40.1","58.78","N/A","158.84","Gerhard_","xSTRYKAx","122,222,223","10"
"493265","2026-03-02 15:02:40","Weapon","BT MP9","yellow","27% Conserve","67.96","58.79","N/A","107.56","Sunfrost","XL04XL","32,000,001","9"
"493264","2026-03-02 15:02:33","Weapon","Lorcin 380","yellow","28% Deadeye","35.6","46.1","N/A","136.95","_Broly","Omnifix","26,000,001","9"
"492920","2026-03-02 16:50:46","Weapon","Yasukuni Sword","yellow","3% Disarm","72.54","54","N/A","125.33","MattyLittle94","BenMitN","66,000,001","13"
"492919","2026-03-02 16:50:38","Weapon","Benelli M4 Super","yellow","25% Bleed","66.41","58.9","N/A","113.09","MattyLittle94","CelticWarrior23","65,600,001","14"
"493283","2026-03-02 16:45:39","Weapon","Blunderbuss","orange","21% Stun","56.19","30.84","N/A","170.23","ValenceS","Xxx-LeXie-xxx","177,000,001","8"
"493281","2026-03-02 16:29:48","Armor","Riot Helmet","yellow","22% Impregnable","N/A","N/A","35.06","1.16","LeviMon99","Kami","106,010,001","13"
"493279","2026-03-02 16:10:06","Weapon","Baseball Bat","yellow","16% Powerful","23.17","60.69","N/A","108.59","LeviMon99","Perico85","34,500,001","5"
"492905","2026-03-02 16:02:56","Weapon","Claymore Sword","yellow","11% Bloodlust","63.54","54.34","N/A","118.75","CalHen","Beano_Keano","71,000,001","11"
"493302","2026-03-02 17:41:14","Weapon","P90","orange","10% Revitalize | 34% Conserve","57.69","57.89","N/A","165.79","Rapiduletzz","PlexXx","405,000,001","20"
"493303","2026-03-02 17:40:56","Weapon","Tavor TAR-21","yellow","16% Warlord","71.71","55.96","N/A","106.68","Rapiduletzz","Frosty22_","340,000,003","14"
"493301","2026-03-02 17:38:03","Armor","Dune Pants","yellow","31% Insurmountable","N/A","N/A","45.87","37.45","The_Postman","Apatxe","70,174,499","13"
"493300","2026-03-02 17:37:58","Armor","Dune Helmet","yellow","31% Insurmountable","N/A","N/A","46.41","48.22","The_Postman","Apatxe","70,598,288","12"
"493299","2026-03-02 17:37:54","Armor","Dune Gloves","yellow","36% Insurmountable","N/A","N/A","44.78","15.56","The_Postman","Apatxe","69,700,001","17"
"493298","2026-03-02 17:37:50","Armor","Dune Boots","yellow","30% Insurmountable","N/A","N/A","44.26","5.14","The_Postman","fullonninja17","70,000,000","7"
"493297","2026-03-02 17:37:44","Armor","Assault Gloves","yellow","20% Impenetrable","N/A","N/A","46.36","7.18","The_Postman","_Kangel_","107,000,001","7"
"492929","2026-03-02 17:29:36","Weapon","USP","yellow","15% Motivation","50.87","63.91","N/A","127.73","LTSmash","BenMitN","27,000,001","8"
"492597","2026-03-02 17:29:31","Armor","Assault Boots","yellow","20% Impenetrable","N/A","N/A","46.5","10.03","LosingGrip","Angel_Assassin","130,000,001","7"
"492928","2026-03-02 17:27:42","Weapon","M4A1 Colt Carbine","yellow","20% Specialist","60.56","56.11","N/A","146.73","4Knife","ChineseMagicMan","59,300,001","9"
"492927","2026-03-02 17:27:29","Weapon","Enfield SA-80","red","13% Disarm","76.64","65.06","N/A","236.98","4Knife","Tarlos","3,765,432,124","23"
"493293","2026-03-02 17:27:03","Armor","Riot Pants","yellow","22% Impregnable","N/A","N/A","46.7","33.94","Grezzle","HeavensGuns","81,000,001","11"
"493294","2026-03-02 17:26:54","Weapon","Naval Cutlass","yellow","60% Throttle","70.58","56.18","N/A","107.54","Grezzle","BenMitN","40,023,134","9"
"492595","2026-03-02 17:18:10","Weapon","Qsz-92","yellow","51% Assassinate","68.72","59.21","N/A","129.35","DavidoffNirvana","KingTopBoy","65,000,001","12"
"493291","2026-03-02 17:15:45","Weapon","MP5 Navy","yellow","20% Slow","51.38","56.24","N/A","116.12","MrsTowels","Skrep","28,800,001","8"
"493292","2026-03-02 17:15:41","Weapon","USP","yellow","62% Assassinate","52.15","65.29","N/A","154.44","MrsTowels","-Josh-","26,320,001","9"
"493290","2026-03-02 17:15:35","Weapon","AK74U","yellow","25% Conserve","51.72","44.64","N/A","93.58","MrsTowels","Skrep","24,515,253","6"
"492594","2026-03-02 17:14:34","Weapon","Metal Nunchaku","yellow","20% Powerful","68.14","63.4","N/A","105.37","PLAYERSLAYER","M3G47HR0N","137,000,001","10"
"493285","2026-03-02 17:07:02","Weapon","9mm Uzi","yellow","26% Proficience","70.54","47.6","N/A","101.38","bobert2422","Dawynr","55,000,001","8"
"493288","2026-03-02 17:05:24","Weapon","BT MP9","yellow","63% Comeback","67.38","59.06","N/A","104.38","bobert2422","Skrep","32,736,316","9"
"493287","2026-03-02 17:05:23","Weapon","BT MP9","yellow","22% Specialist","69.97","59.07","N/A","130.36","bobert2422","Kryptic","48,000,001","16"
"493286","2026-03-02 17:05:18","Weapon","AK74U","orange","30% Conserve","55.61","47.94","N/A","165.45","bobert2422","Just53","70,000,001","9"
"493284","2026-03-02 17:05:11","Weapon","9mm Uzi","yellow","20% Proficience","74.08","46.75","N/A","128.31","bobert2422","Afyon","47,000,001","9"
"493328","2026-03-02 18:54:33","Weapon","Magnum","yellow","24% Specialist","61.18","41.82","N/A","99.94","Guyfaux","Agent69","25,000,001","8"
"493323","2026-03-02 18:42:25","Weapon","SKS Carbine","yellow","19% Warlord","51.79","52.17","N/A","109.55","Koostix","_RETIRED_","300,000,001","16"
"493322","2026-03-02 18:38:44","Weapon","Samurai Sword","yellow","21% Bleed","65.45","55.9","N/A","113.51","Bokoma","Skrep","200,000,001","10"
"493321","2026-03-02 18:38:38","Weapon","Hammer","yellow","24% Slow","23.6","59.38","N/A","109.77","Bokoma","Piercyy","34,182,829","8"
"493320","2026-03-02 18:32:42","Armor","Assault Gloves","yellow","25% Impenetrable","N/A","N/A","46.74","14.75","Bokoma","Kiss-my-Axe","136,000,001","9"
"492617","2026-03-02 18:23:39","Weapon","MP5 Navy","yellow","20% Specialist","50.74","56.99","N/A","117.26","FIST-OF-FURY","Agent69","29,000,001","11"
"493313","2026-03-02 18:17:42","Weapon","Negev NG-5","yellow","15% Puncture","77.58","39.8","N/A","133.81","JohnVickers","Piercyy","80,000,001","9"
"492964","2026-03-02 18:16:50","Armor","Vanguard Gloves","orange","15% Irrepressible","N/A","N/A","48.07","1.47","Tim","Fancysauce","1,880,000,001","11"
"492963","2026-03-02 18:16:41","Armor","Vanguard Boots","orange","15% Irrepressible","N/A","N/A","48.06","1.27","Tim","Fancysauce","1,880,000,001","12"
"492962","2026-03-02 18:16:37","Armor","Sentinel Gloves","orange","15% Immutable","N/A","N/A","53.12","2.46","Tim","m125cc","2,036,471,957","9"
"493312","2026-03-02 18:15:17","Armor","Riot Helmet","yellow","22% Impregnable","N/A","N/A","35.4","7.98","Green_Revolver","kingAce34","98,735,407","8"
"493311","2026-03-02 18:15:10","Weapon","Guandao","yellow","15% Motivation","70.14","39.06","N/A","111.97","Green_Revolver","CelticWarrior23","36,000,001","7"
"493310","2026-03-02 18:15:02","Weapon","Vektor CR-21","yellow","15% Warlord","56.07","51.92","N/A","99.93","Green_Revolver","Zigmister","175,120,408","8"
"493309","2026-03-02 18:14:54","Armor","Riot Body","yellow","20% Impregnable","N/A","N/A","46.13","22.52","Green_Revolver","KingTopBoy","71,000,001","7"
"493308","2026-03-02 18:14:46","Armor","Assault Helmet","yellow","21% Impenetrable","N/A","N/A","48.13","42.59","Green_Revolver","_Kangel_","137,000,192","5"
"493348","2026-03-02 19:57:27","Weapon","Flail","yellow","5% Rage","79.7","33.22","N/A","139.12","Koostix","Muddymuppet","45,000,001","7"
"492306","2026-03-02 19:46:54","Weapon","Beretta M9","yellow","23% Wither","42.4","58.16","N/A","105.63","Mia_Hernandez","Agent69","25,000,000","8"
"493346","2026-03-02 19:46:42","Armor","Sentinel Boots","orange","15% Immutable","N/A","N/A","53.84","16.88","Levarith","Caledonia","2,809,698,001","9"
"493345","2026-03-02 19:46:38","Armor","Dune Pants","yellow","32% Insurmountable","N/A","N/A","45.11","22.28","Levarith","Just53","71,000,001","9"
"493344","2026-03-02 19:46:23","Weapon","Enfield SA-80","yellow","26% Penetrate","68.72","61.24","N/A","119.6","Rapiduletzz","KingTopBoy","278,001,003","7"
"491148","2026-03-02 19:46:15","Weapon","Tavor TAR-21","yellow","62% Achilles","71.71","55.36","N/A","100.65","MistaCharles","Just53","58,900,001","8"
"493343","2026-03-02 19:43:34","Weapon","Skorpion","yellow","16% Warlord","46.41","60.43","N/A","128.37","HenkyPenky","Frosty22_","225,000,001","9"
"493342","2026-03-02 19:43:33","Armor","Riot Boots","yellow","20% Impregnable","N/A","N/A","47.21","44.25","HenkyPenky","James-Bishop","78,000,001","9"
"493341","2026-03-02 19:39:22","Armor","Riot Helmet","yellow","23% Impregnable","N/A","N/A","37.38","47.63","Bagslap","Dawynr","131,869,543","6"
"492986","2026-03-02 19:39:20","Armor","Riot Pants","yellow","20% Impregnable","N/A","N/A","46.67","33.48","James-Bishop","Wadjet","74,100,001","9"
"493337","2026-03-02 19:24:20","Weapon","TMP","yellow","20% Wither","43.76","48.89","N/A","96.48","FloydFan","Enforcer","25,000,001","6"
"493335","2026-03-02 19:10:23","Weapon","Yasukuni Sword","yellow","52% Throttle","73.84","54.22","N/A","140.62","Kinky_Kyzer","RealJormungandr","100,000,001","7"
"493331","2026-03-02 18:59:48","Armor","Assault Helmet","yellow","25% Impenetrable","N/A","N/A","47","20.01","Kohnago","Kiss-my-Axe","170,146,001","9"
"492652","2026-03-02 20:56:22","Weapon","Bushmaster Carbon 15","yellow","24% Wither","55.41","60.52","N/A","89.31","CaptBritain","Degtyrev","60,000,001","9"
"493388","2026-03-02 20:56:07","Weapon","Sawed-Off Shotgun","yellow","64% Throttle","48.75","67.09","N/A","118.41","Moose667","PentestPete","59,790,001","10"
"492651","2026-03-02 20:55:35","Weapon","Tavor TAR-21","yellow","26% Penetrate","70.53","56.55","N/A","100.83","CaptBritain","Nobodieshero","127,200,001","7"
"492650","2026-03-02 20:54:25","Weapon","Mag 7","yellow","16% Powerful","62.98","65.38","N/A","103.6","CaptBritain","PentestPete","59,999,989","11"
"493387","2026-03-02 20:52:42","Weapon","Heckler & Koch SL8","yellow","15% Warlord","66.19","50.62","N/A","108.04","Papa-lazarou","KingTopBoy","170,000,001","5"
"493384","2026-03-02 20:49:32","Armor","Assault Pants","yellow","22% Impenetrable","N/A","N/A","46.19","3.82","Moose667","RandomMan1","166,000,006","7"
"493383","2026-03-02 20:49:28","Armor","Assault Body","yellow","22% Impenetrable","N/A","N/A","48.23","44.5","Moose667","RandomMan1","278,000,001","6"
"493381","2026-03-02 20:45:24","Armor","Riot Gloves","yellow","20% Impregnable","N/A","N/A","45.7","13.96","Belobog","Septembergone","72,000,001","7"
"493380","2026-03-02 20:45:18","Armor","Riot Boots","yellow","22% Impregnable","N/A","N/A","45.61","12.11","Belobog","_Kangel_","74,000,003","5"
"493379","2026-03-02 20:45:10","Armor","Assault Pants","yellow","23% Impenetrable","N/A","N/A","46.14","2.72","Belobog","Kiss-my-Axe","160,000,001","8"
"492647","2026-03-02 20:42:53","Weapon","Qsz-92","yellow","3% Disarm","68.97","56.57","N/A","105.41","-BEELZEBUB-","BenMitN","30,000,001","5"
"492646","2026-03-02 20:42:47","Weapon","Springfield 1911","yellow","16% Motivation","40.59","61.32","N/A","119.07","-BEELZEBUB-","BenMitN","25,525,253","5"
"493378","2026-03-02 20:39:20","Weapon","Fiveseven","yellow","8% Expose","57.43","54.04","N/A","104.69","Potterthedon","BenMitN","25,200,001","6"
"493376","2026-03-02 20:34:36","Armor","Riot Helmet","yellow","20% Impregnable","N/A","N/A","35.75","15.04","Zambied","SecretDoll","98,735,754","4"
"493375","2026-03-02 20:33:39","Armor","Riot Body","yellow","24% Impregnable","N/A","N/A","46.35","26.93","Zambied","Wadjet","91,000,001","7"
"493374","2026-03-02 20:33:34","Weapon","Mag 7","orange","26% Powerful | 26% Specialist","67.14","68.48","N/A","176.16","Zambied","Wendy","385,000,001","9"
"493373","2026-03-02 20:33:27","Weapon","Ithaca 37","yellow","17% Warlord","54.59","66.32","N/A","99.16","Zambied","KingTopBoy","170,000,001","7"
"493372","2026-03-02 20:33:20","Weapon","ArmaLite M-15A4","yellow","4% Sure Shot","75.51","62.03","N/A","125.46","Zambied","MESMERlZED","112,000,001","5"
"493371","2026-03-02 20:33:16","Weapon","MP5k","yellow","15% Powerful","48.21","56.17","N/A","103.8","Bob16","Enforcer","26,400,001","7"
"493370","2026-03-02 20:33:11","Weapon","Knuckle Dusters","yellow","68% Empower","18.66","65.92","N/A","115.86","Bob16","PentestPete","35,197,434","8"
"493369","2026-03-02 20:33:04","Weapon","Flail","yellow","4% Rage","77.65","32.13","N/A","107.79","Bob16","DonDantoni","36,000,001","9"
"493368","2026-03-02 20:31:29","Weapon","Frying Pan","yellow","4% Disarm","25.58","48.83","N/A","124.07","PimpChu","PentestPete","35,200,840","7"
"493365","2026-03-02 20:23:56","Armor","Assault Pants","yellow","20% Impenetrable","N/A","N/A","46.61","12.23","Yoter2","RandomMan1","168,006,702","5"
"491156","2026-03-02 20:20:58","Weapon","XM8 Rifle","yellow","52% Assassinate","55.82","60.52","N/A","103.35","RougeAssassin","PentestPete","59,187,434","15"
"492643","2026-03-02 20:20:53","Weapon","M4A1 Colt Carbine","red","109% Assassinate","67.28","55.61","N/A","208.92","Titan","auxman","800,000,001","9"
"491155","2026-03-02 20:20:36","Weapon","USP","yellow","50% Quicken","51.21","62.03","N/A","112.36","RougeAssassin","BenMitN","30,000,001","10"
"493364","2026-03-02 20:19:24","Weapon","Guandao","yellow","16% Eviscerate","70.3","39.59","N/A","118.88","Grez","Wesos","50,400,000","8"
"493362","2026-03-02 20:13:04","Weapon","Katana","yellow","10% Bloodlust","59.48","60.02","N/A","124.96","NinjaSmurf","GNightman","89,111,728","9"
"493361","2026-03-02 20:12:27","Armor","Assault Helmet","yellow","20% Impenetrable","N/A","N/A","49.89","77.81","Levarith","RandomMan1","200,000,001","4"
"493360","2026-03-02 20:11:54","Weapon","MP 40","orange","36% Slow","45.93","46.43","N/A","143.53","NinjaSmurf","BenMitN","95,000,001","5"
"492641","2026-03-02 20:11:53","Weapon","Sawed-Off Shotgun","orange","32% Weaken","51.35","70.73","N/A","180.83","Titan","Piercyy","137,554,125","11"
"493359","2026-03-02 20:11:50","Weapon","Benelli M4 Super","yellow","16% Eviscerate","64.26","60.42","N/A","106.8","NinjaSmurf","CelticWarrior23","60,002,106","11"
"493358","2026-03-02 20:11:47","Weapon","M16 A2 Rifle","orange","20% Warlord","69.91","54.12","N/A","160.33","NinjaSmurf","MrAnon","795,000,001","16"
"493357","2026-03-02 20:08:04","Weapon","Steyr AUG","orange","56% Deadeye","73.5","52.03","N/A","165.32","Rapiduletzz","Swayy","209,008,890","6"
"493356","2026-03-02 20:07:55","Weapon","Ithaca 37","orange","22% Eviscerate","60.28","68.18","N/A","174.54","Rapiduletzz","TheFinalStage","400,072,801","7"
"491582","2026-03-02 20:04:42","Weapon","Ithaca 37","yellow","16% Eviscerate","54.57","66.53","N/A","101.09","ElmR101","CelticWarrior23","60,800,001","16"
"492993","2026-03-02 20:03:21","Weapon","Macana","yellow","73% Empower","65.2","70.57","N/A","137.64","Mjc54","Bruv","631,000,001","14"
"493293","2026-03-02 17:27:03","Armor","Riot Pants","yellow","22% Impregnable","N/A","N/A","46.7","33.94","Grez","HeavensGuns","81,000,001","11"
"493294","2026-03-02 17:26:54","Weapon","Naval Cutlass","yellow","60% Throttle","70.58","56.18","N/A","107.54","Grez","BenMitN","40,023,134","9"
"491181","2026-03-02 21:52:39","Weapon","Taurus","yellow","20% Specialist","35.44","60.4","N/A","88.35","ReconByFire","Perico85","24,000,001","11"
"493407","2026-03-02 21:52:06","Weapon","9mm Uzi","orange","17% Revitalize","74.78","50.39","N/A","171.66","WhackedMaki","Midknight","8,371,298,801","16"
"493408","2026-03-02 21:51:54","Weapon","Naval Cutlass","red","75% Parry","79.32","61.37","N/A","246.9","WhackedMaki","Knuff","6,600,000,001","28"
"493406","2026-03-02 21:50:27","Weapon","Jackhammer","yellow","56% Throttle","78.19","58.51","N/A","157.03","Damien877","Wendy","60,000,001","11"
"493405","2026-03-02 21:47:51","Armor","EOD Pants","red","20% Impassable","N/A","N/A","56.53","30.56","Tim","Polarbear","5,999,000,001","16"
"493404","2026-03-02 21:45:46","Weapon","S&W Revolver","yellow","7% Expose","49.83","60.45","N/A","142.82","Edwards","Perico85","23,520,001","4"
"493402","2026-03-02 21:43:59","Weapon","USP","yellow","32% Deadeye","50.7","61.86","N/A","105.64","Edwards","KingTopBoy","26,416,001","4"
"493400","2026-03-02 21:43:54","Weapon","TMP","yellow","23% Wither","44.99","51.28","N/A","132.64","Edwards","Enforcer","24,551,152","7"
"493399","2026-03-02 21:43:50","Weapon","Dagger","yellow","20% Plunder","33.21","64.64","N/A","98.52","Edwards","BenMitN","70,000,001","6"
"493398","2026-03-02 21:43:46","Weapon","Beretta M9","yellow","19% Double Tap","41.3","58.6","N/A","98.91","Edwards","Agent69","25,162,627","7"
"493396","2026-03-02 21:42:18","Weapon","Scimitar","yellow","20% Plunder","47.36","61.46","N/A","108.13","HenkyPenky","BenMitN","120,009,899","7"
"492660","2026-03-02 21:40:03","Weapon","Minigun","yellow","15% Warlord","81.72","32.23","N/A","139.49","Smokewizard","Wendy","236,521,718","13"
"493394","2026-03-02 21:36:30","Weapon","TMP","orange","20% Warlord","48.61","51.78","N/A","173.9","Zorfar","Mercenary","800,000,001","11"
"493392","2026-03-02 21:12:53","Weapon","Tavor TAR-21","yellow","34% Deadeye","72.33","55.89","N/A","112.25","Healix","xScritto","92,000,001","10"
"492655","2026-03-02 21:05:42","Armor","Riot Body","yellow","24% Impregnable","N/A","N/A","46.75","34.97","Berkshire","Joeski737","73,457,892","7"
"493391","2026-03-02 21:03:47","Weapon","Enfield SA-80","yellow","50% Achilles","71.72","59.12","N/A","128.4","_Big_GunZ_","MESMERlZED","60,000,001","7"
"493390","2026-03-02 21:03:23","Armor","Dune Boots","yellow","32% Insurmountable","N/A","N/A","46.21","44.21","_Big_GunZ_","Apatxe","71,000,891","7"
"492653","2026-03-02 21:00:38","Weapon","Vektor CR-21","yellow","52% Assassinate","56.94","51.55","N/A","104.96","Thanattos","AfterHours","60,000,001","5"
"493389","2026-03-02 20:59:31","Weapon","Kitchen Knife","yellow","21% Plunder","33.78","60.82","N/A","146.01","Simpayy","Anxiety3740","51,051,132","7"
"493007","2026-03-02 20:58:25","Weapon","ArmaLite M-15A4","yellow","19% Powerful","75.13","62.65","N/A","127.77","Knightstar","__SmittySon__","676,000,001","19"
"493418","2026-03-02 22:51:54","Weapon","MP 40","yellow","15% Warlord","43.9","44.98","N/A","108.75","PenguinSoldier","Omnifix","158,810,718","8"
"493025","2026-03-02 22:45:29","Weapon","Samurai Sword","yellow","24% Weaken","67.31","57.83","N/A","151.39","Wadjet","MESMERlZED","100,000,001","9"
"493024","2026-03-02 22:45:24","Weapon","Enfield SA-80","yellow","4% Disarm","72.97","59.84","N/A","148.02","Wadjet","BenMitN","70,000,001","5"
"493417","2026-03-02 22:41:05","Weapon","Benelli M1 Tactical","yellow","17% Powerful","47.6","69.54","N/A","131.31","HenkyPenky","Papanad","60,000,001","9"
"492367","2026-03-02 22:39:11","Armor","Dune Vest","yellow","30% Insurmountable","N/A","N/A","44.2","4.06","uthburt","Apatxe","62,345,654","9"
"492674","2026-03-02 22:39:02","Armor","Delta Gas Mask","orange","13% Invulnerable","N/A","N/A","52.47","69.46","GryffinHunter","24Fje8xj2qQS29","1,506,250,534","10"
"493416","2026-03-02 22:37:10","Weapon","M16 A2 Rifle","orange","31% Specialist","70.26","53.08","N/A","153.38","Mdpvs98","KingTopBoy","180,000,001","14"
"492672","2026-03-02 22:26:34","Weapon","Tavor TAR-21","yellow","17% Warlord","71.82","55.45","N/A","102.72","Clumsy-Wolf","Frosty22_","357,311,685","9"
"492671","2026-03-02 22:26:28","Weapon","Heckler & Koch SL8","yellow","16% Warlord","66.51","49.49","N/A","100.03","Clumsy-Wolf","-Josh-","170,000,001","6"
"492670","2026-03-02 22:26:19","Weapon","Enfield SA-80","yellow","15% Warlord","71.5","60.22","N/A","137.13","Clumsy-Wolf","Battle_cat","380,000,001","15"
"492669","2026-03-02 22:26:13","Weapon","ArmaLite M-15A4","yellow","52% Assassinate","76.11","61.83","N/A","129.39","Clumsy-Wolf","MESMERlZED","161,320,123","10"
"492668","2026-03-02 22:26:09","Weapon","ArmaLite M-15A4","yellow","23% Specialist","75.98","62.15","N/A","131.23","Clumsy-Wolf","MarkStark","147,777,778","11"
"492667","2026-03-02 22:25:26","Weapon","Katana","yellow","16% Eviscerate","59.88","60.26","N/A","131.35","replicant194","MESMERlZED","205,511,965","13"
"492666","2026-03-02 22:25:21","Weapon","Guandao","yellow","10% Fury","70.69","39.86","N/A","125.51","replicant194","PentestPete","35,999,931","11"
"492665","2026-03-02 22:25:16","Weapon","Dagger","yellow","51% Cupid","36.14","63.49","N/A","116.29","replicant194","PentestPete","35,999,931","8"
"493414","2026-03-02 22:22:55","Weapon","Jackhammer","yellow","10% Stun","80.27","55.7","N/A","149.63","Alpacamybags","Wendy","60,000,001","14"
"493412","2026-03-02 22:22:15","Weapon","Cobra Derringer","orange","31% Specialist","70.76","62.78","N/A","195.39","Alpacamybags","Wendy","82,379,112","12"
"493409","2026-03-02 21:59:21","Weapon","Sai","yellow","125% Wind-up","34.69","57.09","N/A","107.79","Ben6565","PentestPete","35,988,889","7"
"493433","2026-03-02 23:54:43","Weapon","Kitchen Knife","yellow","11% Fury","32.77","58.64","N/A","114.1","El_Chico_Grande","Psycho_Penguin","36,000,001","8"
"493434","2026-03-02 23:54:12","Weapon","USP","yellow","17% Motivation","52.15","61.7","N/A","118.51","El_Chico_Grande","BenMitN","36,250,002","6"
"493432","2026-03-02 23:54:02","Weapon","Ithaca 37","yellow","25% Cripple","56.88","67.06","N/A","129.32","El_Chico_Grande","TDawg9","60,000,001","7"
"493431","2026-03-02 23:53:58","Weapon","Crowbar","yellow","69% Crusher","26.57","57.41","N/A","119.71","El_Chico_Grande","PentestPete","35,999,932","8"
"493430","2026-03-02 23:49:42","Weapon","Metal Nunchaku","yellow","60% Crusher","69.59","64.32","N/A","129.11","Grimsnecrosis","BenMitN","78,000,001","8"
"493056","2026-03-02 23:49:27","Armor","Assault Helmet","yellow","24% Impenetrable","N/A","N/A","46.01","0.29","Ragnar","Knuff","133,270,696","9"
"493424","2026-03-02 23:11:32","Weapon","USP","orange","13% Expose","53.69","64.87","N/A","165.59","A1D","PlexXx","212,259,928","21"
"493421","2026-03-02 22:58:41","Weapon","Ninja Claws","yellow","20% Plunder","46.89","55.86","N/A","127.49","CaptCaveman","PurpleHaze","60,000,001","10"
"491247","2026-03-03 00:55:04","Weapon","TMP","yellow","54% Comeback","47.45","50.36","N/A","148.13","stomper96","-Clutch-","25,000,000","11"
"492715","2026-03-03 00:53:16","Weapon","SKS Carbine","yellow","4% Disarm","52.2","52.37","N/A","115.69","Smokewizard","PentestPete","59,999,989","9"
"492714","2026-03-03 00:52:52","Weapon","AK-47","yellow","25% Conserve","61.4","55.07","N/A","84.69","Smokewizard","PentestPete","59,999,989","7"
"493446","2026-03-03 00:46:19","Weapon","Baseball Bat","yellow","21% Plunder","22.41","62.44","N/A","118.47","aquariusarctic","RealJormungandr","53,000,001","10"
"493442","2026-03-03 00:39:27","Weapon","Bushmaster Carbon 15","yellow","16% Motivation","57.55","60.82","N/A","113.69","ZaneyPlays","BenMitN","34,971,301","5"
"493439","2026-03-03 00:23:27","Weapon","Wooden Nunchaku","yellow","21% Plunder","31.27","65.05","N/A","153.18","Bmaccc","Agent69","61,000,001","12"
"493438","2026-03-03 00:19:34","Weapon","Tavor TAR-21","orange","86% Assassinate","74.06","57.92","N/A","149.73","Gravy-Train","RealJormungandr","440,000,001","8"
"492700","2026-03-03 00:10:19","Weapon","USP","yellow","15% Motivation","50.21","62.43","N/A","106.47","Falconnnn","Sewen","25,515,153","5"
"493437","2026-03-03 00:03:22","Weapon","ArmaLite M-15A4","yellow","26% Penetrate","75.4","62.14","N/A","125.43","Yang","Nihu","591,000,001","13"
"493436","2026-03-03 00:01:19","Weapon","Yasukuni Sword","yellow","22% Grace","70.58","53.91","N/A","104.85","Toxictitwank","PurpleHaze","36,000,001","8"
"493435","2026-03-03 00:00:19","Weapon","Sai","yellow","15% Puncture","34.77","55.84","N/A","96.06","Toxictitwank","PentestPete","35,999,931","8"
"493464","2026-03-03 01:48:38","Weapon","Metal Nunchaku","yellow","12% Fury","68.12","65.3","N/A","124.19","SofaKingGood","Kyuss777","95,000,001","6"
"493463","2026-03-03 01:47:48","Weapon","Tavor TAR-21","yellow","5% Disarm","72.37","55.94","N/A","113.1","SofaKingGood","Reaper7878","66,000,001","12"
"493462","2026-03-03 01:47:07","Weapon","Mag 7","orange","19% Stun","67.15","69.08","N/A","182.31","SofaKingGood","Churchill93","177,728,733","10"
"492736","2026-03-03 01:44:12","Weapon","Jackhammer","yellow","25% Bleed","74.39","56.54","N/A","99.25","Fergy","Architecture","83,000,001","8"
"492735","2026-03-03 01:44:08","Weapon","M16 A2 Rifle","yellow","25% Penetrate","68.83","51.95","N/A","127.76","Fergy","xSTRYKAx","59,297,535","8"
"492734","2026-03-03 01:44:03","Weapon","Mag 7","yellow","23% Specialist","61.41","66.3","N/A","97.16","Fergy","Just53","58,500,001","10"
"492733","2026-03-03 01:43:59","Weapon","Sawed-Off Shotgun","yellow","15% Warlord","47.3","68.69","N/A","119.9","Fergy","Opie","133,300,512","12"
"492732","2026-03-03 01:43:56","Weapon","Tavor TAR-21","yellow","3% Sure Shot","72.81","55.72","N/A","115.29","Fergy","Just53","58,500,001","9"
"493458","2026-03-03 01:35:17","Weapon","9mm Uzi","yellow","18% Powerful","71.61","47.3","N/A","109.14","Mdpvs98","Enzo473","35,000,001","11"
"492726","2026-03-03 01:32:08","Armor","Riot Helmet","yellow","21% Impregnable","N/A","N/A","35.51","10.27","Brad0812","Yang","100,000,001","7"
"492725","2026-03-03 01:32:01","Armor","Riot Body","yellow","20% Impregnable","N/A","N/A","46.44","28.7","Brad0812","RealJormungandr","74,000,001","10"
"492724","2026-03-03 01:31:17","Armor","Dune Vest","yellow","31% Insurmountable","N/A","N/A","44.12","2.37","Brad0812","urnewdaddy","71,100,001","14"
"492723","2026-03-03 01:30:51","Weapon","Qsz-92","yellow","15% Execute","69.87","58.01","N/A","128.72","Brad0812","NightYasuo","74,500,001","13"
"492722","2026-03-03 01:30:40","Weapon","Glock 17","orange","22% Motivation","36.2","58.59","N/A","137.95","Brad0812","pardzilla","123,003,064","13"
"493456","2026-03-03 01:13:34","Weapon","Ruger 57","yellow","15% Motivation","41.75","59.96","N/A","137.07","LocalHussleRED","-Clutch-","25,000,000","7"
"493455","2026-03-03 01:13:29","Weapon","Taurus","orange","21% Motivation","41.99","64.56","N/A","195.49","Dexo","Lemingfish","110,000,001","12"
"493454","2026-03-03 01:13:04","Armor","Dune Boots","yellow","34% Insurmountable","N/A","N/A","45.67","33.37","Dexo","urnewdaddy","71,500,001","11"
"491251","2026-03-03 01:12:14","Weapon","Bushmaster Carbon 15","yellow","16% Powerful","56.44","63.51","N/A","129.43","Arafyre","TacticalDuck515","70,000,001","16"
"493453","2026-03-03 01:11:53","Weapon","Metal Nunchaku","yellow","132% Wind-up","67.06","64.3","N/A","103.6","AlmightyRa","BenMitN","37,600,001","8"
"493092","2026-03-03 01:09:26","Weapon","BT MP9","yellow","27% Conserve","68.18","59.77","N/A","119.56","Trixxx","Star_Child","31,000,001","10"
"493452","2026-03-03 01:09:02","Weapon","P90","yellow","11% Revitalize","54.59","54.2","N/A","97.83","Berok","Opie","274,000,685","10"
"493451","2026-03-03 01:08:57","Weapon","Macana","yellow","3% Irradiate","64.92","70.98","N/A","139.06","Berok","-Josh-","233,333,334","6"
"493450","2026-03-03 01:08:52","Weapon","MP5 Navy","orange","32% Specialist","56.46","59.78","N/A","202.36","Berok","Skrep","74,009,889","11"
"493449","2026-03-03 01:08:45","Weapon","MP 40","yellow","10% Revitalize","43.69","44.99","N/A","106.74","Berok","EvilCat","180,241,449","7"
"493448","2026-03-03 01:08:36","Weapon","MP 40","yellow","11% Revitalize","45.8","45.89","N/A","136.88","Berok","CLK_","230,879,593","10"
"492717","2026-03-03 01:07:25","Weapon","Katana","orange","11% Expose","63.17","62.49","N/A","186.6","nas","Skrep","400,000,001","21"
"492049","2026-03-03 01:04:33","Weapon","SIG 552","yellow","16% Focus","77.81","55.28","N/A","140.93","Dunkypoo","MESMERlZED","77,408,581","16"
"491248","2026-03-03 00:58:06","Weapon","Dagger","yellow","61% Assassinate","34.81","65.21","N/A","120.2","Special-Needs","Just53","34,282,839","7"
"492753","2026-03-03 02:53:12","Weapon","Swiss Army Knife","yellow","61% Assassinate","31.22","55.57","N/A","117.89","Bunthc","Churchill93","35,290,840","3"
"492751","2026-03-03 02:51:41","Weapon","Yasukuni Sword","yellow","13% Double-edged","70.23","54.29","N/A","105.19","Bunthc","Mrhoney0808","39,900,001","11"
"493477","2026-03-03 02:42:47","Weapon","Desert Eagle","yellow","24% Wither","65.24","40.59","N/A","108.26","_LittleRed","-Clutch-","25,000,001","10"
"493475","2026-03-03 02:41:59","Weapon","Thompson","yellow","18% Warlord","45.02","48.02","N/A","110.41","TDawg9","SoulemHawk","202,225,552","3"
"493474","2026-03-03 02:39:16","Weapon","Taurus","yellow","60% Achilles","36.92","62.21","N/A","121.28","UnholyAuthority","_LittleRed","25,501,112","6"
"492750","2026-03-03 02:36:07","Weapon","Heckler & Koch SL8","yellow","15% Warlord","66.84","49.59","N/A","104.23","MommaBear","Liverpool","172,472,356","11"
"492749","2026-03-03 02:35:12","Weapon","Hammer","yellow","134% Wind-up","23.82","59.23","N/A","110.48","MommaBear","Just53","35,000,001","6"
"492748","2026-03-03 02:31:34","Weapon","Benelli M1 Tactical","yellow","26% Cripple","48.15","69.11","N/A","132.58","MrJameson","Skrep","59,250,001","7"
"493112","2026-03-03 02:25:33","Weapon","Crowbar","yellow","3% Disarm","25.03","56.45","N/A","94.76","Berliano","SofaKingGood","35,498,648","6"
"492739","2026-03-03 02:02:15","Weapon","M16 A2 Rifle","yellow","50% Cupid","67.89","52.79","N/A","126.77","Smokewizard","Just53","58,500,001","6"
"492738","2026-03-03 02:02:04","Weapon","Lorcin 380","yellow","67% Achilles","34.07","45.73","N/A","117.97","Smokewizard","amelia46","25,501,112","8"
"493468","2026-03-03 01:59:24","Weapon","AK74U","yellow","56% Comeback","55.39","45.93","N/A","143.22","El_Chico_Grande","WaXx5","28,000,001","8"
"492737","2026-03-03 01:58:51","Weapon","ArmaLite M-15A4","orange","6% Sure Shot","78.01","63.65","N/A","166.58","Thundergod","Salsaman","702,000,001","16"
"493485","2026-03-03 03:57:33","Weapon","Claymore Sword","yellow","51% Parry","64.73","55.7","N/A","144.35","Squatchy342","MayDays","225,000,001","13"
"493486","2026-03-03 03:56:43","Weapon","Diamond Bladed Knife","yellow","26% Penetrate","65.87","67.4","N/A","112.66","Squatchy342","BenMitN","277,939,392","6"
"493129","2026-03-03 03:46:54","Weapon","Tavor TAR-21","yellow","27% Penetrate","70.52","56.27","N/A","97.95","ItsCronix","BenMitN","100,000,001","5"
"493128","2026-03-03 03:46:46","Weapon","Enfield SA-80","yellow","33% Deadeye","68.5","58.51","N/A","90.11","ItsCronix","Jam","132,000,001","6"
"493123","2026-03-03 03:21:54","Weapon","ArmaLite M-15A4","yellow","27% Conserve","73.33","60.48","N/A","88.04","XL04XL","Freddy","71,151,565","11"
"491304","2026-03-03 03:17:08","Weapon","Kitchen Knife","orange","23% Eviscerate","34.5","62.66","N/A","171.6","Awwsum","__SmittySon__","550,000,001","15"
"492754","2026-03-03 03:09:51","Weapon","Leather Bullwhip","yellow","51% Parry","34.05","57.91","N/A","129.59","Cbgurl","Perico85","57,101,001","8"
"492775","2026-03-03 04:57:46","Weapon","SIG 552","yellow","3% Sure Shot","77.3","54.94","N/A","132.35","Imyahuckleberry","Zeeningg","58,000,001","10"
"492774","2026-03-03 04:57:28","Weapon","Taurus","yellow","4% Disarm","39.17","60.89","N/A","130.58","Imyahuckleberry","IaMD0M0NGUS","27,500,001","11"
"492773","2026-03-03 04:57:27","Weapon","Naval Cutlass","orange","13% Expose","74.5","57.19","N/A","156.85","Moonroots","Jiraiya","450,000,001","16"
"493508","2026-03-03 04:56:17","Weapon","M4A1 Colt Carbine","yellow","15% Puncture","62.99","53.75","N/A","147.33","jaypaxs","Just53","59,000,001","5"
"493506","2026-03-03 04:54:33","Weapon","Enfield SA-80","yellow","15% Puncture","69.06","60.13","N/A","111.84","jaypaxs","xlemmingx","93,923,120","6"
"493505","2026-03-03 04:54:27","Weapon","AK74U","yellow","16% Warlord","51.99","44.58","N/A","95.65","jaypaxs","BigDog3000","150,521,329","6"
"493500","2026-03-03 04:39:00","Weapon","Vektor CR-21","yellow","16% Focus","55.18","52.73","N/A","99.07","Talex731","Just53","59,000,001","4"
"493499","2026-03-03 04:38:54","Weapon","Jackhammer","yellow","17% Eviscerate","75.6","58.12","N/A","127.18","Talex731","Skrep","80,000,001","6"
"493498","2026-03-03 04:38:46","Weapon","Mag 7","yellow","29% Blindside","63.6","65.44","N/A","110.42","Talex731","Just53","59,000,001","5"
"493497","2026-03-03 04:38:40","Armor","Riot Body","yellow","20% Impregnable","N/A","N/A","46.38","27.5","PlayerZero","FrozenTreez","78,000,001","10"
"493495","2026-03-03 04:38:38","Weapon","Jackhammer","yellow","55% Throttle","75.67","55.47","N/A","101.4","PlayerZero","Kuruman","58,000,001","9"
"493494","2026-03-03 04:38:36","Weapon","Heckler & Koch SL8","yellow","58% Cupid","66.57","50.14","N/A","107.03","Talex731","Just53","59,000,001","4"
"493493","2026-03-03 04:38:35","Weapon","M16 A2 Rifle","yellow","51% Assassinate","67.77","50.24","N/A","100.12","PlayerZero","TDawg9","59,386,543","5"
"493492","2026-03-03 04:38:30","Weapon","Heckler & Koch SL8","yellow","4% Disarm","66.08","52.74","N/A","128.13","PlayerZero","Just53","59,000,001","4"
"493491","2026-03-03 04:38:26","Armor","Dune Helmet","yellow","31% Insurmountable","N/A","N/A","44.5","9.98","PlayerZero","urnewdaddy","72,001,001","11"
"492767","2026-03-03 04:24:10","Weapon","Cricket Bat","yellow","53% Crusher","26.31","45.45","N/A","117.57","Mes","LeahQvQQQQ","35,300,001","6"
"492766","2026-03-03 04:23:59","Weapon","Katana","yellow","66% Throttle","58.54","60.5","N/A","120.42","Mes","Rush_Sun","35,550,001","10"
"493487","2026-03-03 04:08:26","Armor","Riot Body","yellow","20% Impregnable","N/A","N/A","47.85","57.08","T3RR0R","RandomMan1","131,000,001","6"
"492764","2026-03-03 04:03:55","Weapon","Axe","yellow","63% Roshambo","39.57","56.16","N/A","97.35","Moonroots","Santamars","35,550,001","5"
"493131","2026-03-03 04:01:53","Armor","Dune Boots","yellow","30% Insurmountable","N/A","N/A","44.15","3.03","SugarRush","Just53","71,000,001","12"
"493130","2026-03-03 04:00:52","Weapon","Jackhammer","yellow","23% Cripple","76.05","56.99","N/A","120.38","SugarRush","Skrep","80,000,001","10"
